0 verbose cli /usr/local/bin/node /usr/local/bin/npm
1 info using npm@11.16.0
2 info using node@v24.18.0
3 silly config load:file:/usr/local/lib/node_modules/npm/npmrc
4 silly config load:file:/Users/eeda/Desktop/myguestbook/.npmrc
5 silly config load:file:/Users/eeda/.npmrc
6 silly config load:file:/usr/local/etc/npmrc
7 verbose title npm install
8 verbose argv "install" "--registry" "https://registry.npmjs.org/"
9 verbose logfile logs-max:10 dir:/Users/eeda/Desktop/myguestbook/.npm-cache/_logs/2026-07-28T06_56_30_546Z-
10 verbose logfile /Users/eeda/Desktop/myguestbook/.npm-cache/_logs/2026-07-28T06_56_30_546Z-debug-0.log
11 silly logfile done cleaning log files
12 silly packumentCache heap:4496293888 maxSize:1124073472 maxEntrySize:562036736
13 silly idealTree buildDeps
14 silly fetch manifest @supabase/supabase-js@^2.110.9
15 silly packumentCache full:https://registry.npmjs.org/@supabase%2fsupabase-js cache-miss
16 http cache https://registry.npmjs.org/@supabase%2fsupabase-js 16ms (cache hit)
17 silly packumentCache full:https://registry.npmjs.org/@supabase%2fsupabase-js set size:3794225 disposed:false
18 silly fetch manifest next@^14.2.5
19 silly packumentCache full:https://registry.npmjs.org/next cache-miss
20 http cache https://registry.npmjs.org/next 48ms (cache hit)
21 silly packumentCache full:https://registry.npmjs.org/next set size:30996595 disposed:false
22 silly fetch manifest @opentelemetry/api@^1.1.0
23 silly packumentCache full:https://registry.npmjs.org/@opentelemetry%2fapi cache-miss
24 http cache https://registry.npmjs.org/@opentelemetry%2fapi 11ms (cache hit)
25 silly packumentCache full:https://registry.npmjs.org/@opentelemetry%2fapi set size:272967 disposed:false
26 silly fetch manifest @playwright/test@^1.41.2
27 silly packumentCache full:https://registry.npmjs.org/@playwright%2ftest cache-miss
28 http cache https://registry.npmjs.org/@playwright%2ftest 15ms (cache hit)
29 silly packumentCache full:https://registry.npmjs.org/@playwright%2ftest set size:9356516 disposed:false
30 silly fetch manifest react@^18.2.0
31 silly packumentCache full:https://registry.npmjs.org/react cache-miss
32 http cache https://registry.npmjs.org/react 12ms (cache hit)
33 silly packumentCache full:https://registry.npmjs.org/react set size:6834859 disposed:false
34 silly fetch manifest react-dom@^18.2.0
35 silly packumentCache full:https://registry.npmjs.org/react-dom cache-miss
36 http cache https://registry.npmjs.org/react-dom 18ms (cache hit)
37 silly packumentCache full:https://registry.npmjs.org/react-dom set size:9168012 disposed:false
38 silly fetch manifest sass@^1.3.0
39 silly packumentCache full:https://registry.npmjs.org/sass cache-miss
40 http cache https://registry.npmjs.org/sass 6ms (cache hit)
41 silly packumentCache full:https://registry.npmjs.org/sass set size:743214 disposed:false
42 silly fetch manifest @types/node@^20.14.1
43 silly packumentCache full:https://registry.npmjs.org/@types%2fnode cache-miss
44 http cache https://registry.npmjs.org/@types%2fnode 22ms (cache hit)
45 silly packumentCache full:https://registry.npmjs.org/@types%2fnode set size:11084776 disposed:false
46 silly fetch manifest @types/react@^18.3.3
47 silly packumentCache full:https://registry.npmjs.org/@types%2freact cache-miss
48 http cache https://registry.npmjs.org/@types%2freact 7ms (cache hit)
49 silly packumentCache full:https://registry.npmjs.org/@types%2freact set size:2632776 disposed:false
50 silly fetch manifest @types/react-dom@^18.3.0
51 silly packumentCache full:https://registry.npmjs.org/@types%2freact-dom cache-miss
52 http cache https://registry.npmjs.org/@types%2freact-dom 3ms (cache hit)
53 silly packumentCache full:https://registry.npmjs.org/@types%2freact-dom set size:429026 disposed:false
54 silly fetch manifest eslint@^8.57.0
55 silly packumentCache full:https://registry.npmjs.org/eslint cache-miss
56 http cache https://registry.npmjs.org/eslint 5ms (cache hit)
57 silly packumentCache full:https://registry.npmjs.org/eslint set size:2040662 disposed:false
58 silly fetch manifest eslint-config-next@^14.2.5
59 silly packumentCache full:https://registry.npmjs.org/eslint-config-next cache-miss
60 http cache https://registry.npmjs.org/eslint-config-next 11ms (cache hit)
61 silly packumentCache full:https://registry.npmjs.org/eslint-config-next set size:6962188 disposed:false
62 silly fetch manifest typescript@^5.6.2
63 silly packumentCache full:https://registry.npmjs.org/typescript cache-miss
64 http cache https://registry.npmjs.org/typescript 24ms (cache hit)
65 silly packumentCache full:https://registry.npmjs.org/typescript set size:15484648 disposed:false
66 silly placeDep ROOT @supabase/supabase-js@2.110.9 OK for: myguestbook@0.1.0 want: ^2.110.9
67 silly placeDep ROOT @types/node@20.19.43 OK for: myguestbook@0.1.0 want: ^20.14.1
68 silly placeDep ROOT @types/react@18.3.31 OK for: myguestbook@0.1.0 want: ^18.3.3
69 silly placeDep ROOT @types/react-dom@18.3.7 OK for: myguestbook@0.1.0 want: ^18.3.0
70 silly placeDep ROOT eslint@8.57.1 OK for: myguestbook@0.1.0 want: ^8.57.0
71 silly placeDep ROOT eslint-config-next@14.2.35 OK for: myguestbook@0.1.0 want: ^14.2.5
72 silly placeDep ROOT next@14.2.35 OK for: myguestbook@0.1.0 want: ^14.2.5
73 silly placeDep ROOT react@18.3.1 OK for: next@14.2.35 want: ^18.2.0
74 silly placeDep ROOT react-dom@18.3.1 OK for: next@14.2.35 want: ^18.2.0
75 silly placeDep ROOT typescript@5.9.3 OK for: myguestbook@0.1.0 want: ^5.6.2
76 silly fetch manifest @supabase/auth-js@2.110.9
77 silly packumentCache full:https://registry.npmjs.org/@supabase%2fauth-js cache-miss
78 silly fetch manifest @supabase/storage-js@2.110.9
79 silly packumentCache full:https://registry.npmjs.org/@supabase%2fstorage-js cache-miss
80 silly fetch manifest @supabase/realtime-js@2.110.9
81 silly packumentCache full:https://registry.npmjs.org/@supabase%2frealtime-js cache-miss
82 silly fetch manifest @supabase/functions-js@2.110.9
83 silly packumentCache full:https://registry.npmjs.org/@supabase%2ffunctions-js cache-miss
84 silly fetch manifest @supabase/postgrest-js@2.110.9
85 silly packumentCache full:https://registry.npmjs.org/@supabase%2fpostgrest-js cache-miss
86 silly fetch manifest undici-types@~6.21.0
87 silly packumentCache full:https://registry.npmjs.org/undici-types cache-miss
88 silly fetch manifest csstype@^3.2.2
89 silly packumentCache full:https://registry.npmjs.org/csstype cache-miss
90 silly fetch manifest @types/prop-types@*
91 silly packumentCache full:https://registry.npmjs.org/@types%2fprop-types cache-miss
92 silly fetch manifest ajv@^6.12.4
93 silly packumentCache full:https://registry.npmjs.org/ajv cache-miss
94 http cache https://registry.npmjs.org/undici-types 25ms (cache hit)
95 silly packumentCache full:https://registry.npmjs.org/undici-types set size:247750 disposed:false
96 silly fetch manifest levn@^0.4.1
97 silly packumentCache full:https://registry.npmjs.org/levn cache-miss
98 http cache https://registry.npmjs.org/csstype 27ms (cache hit)
99 silly packumentCache full:https://registry.npmjs.org/csstype set size:274189 disposed:false
100 silly fetch manifest chalk@^4.0.0
101 silly packumentCache full:https://registry.npmjs.org/chalk cache-miss
102 http cache https://registry.npmjs.org/ajv 30ms (cache hit)
103 silly packumentCache full:https://registry.npmjs.org/ajv set size:1142658 disposed:false
104 silly fetch manifest debug@^4.3.2
105 silly packumentCache full:https://registry.npmjs.org/debug cache-miss
106 http cache https://registry.npmjs.org/@types%2fprop-types 39ms (cache hit)
107 silly packumentCache full:https://registry.npmjs.org/@types%2fprop-types set size:53942 disposed:false
108 silly fetch manifest espree@^9.6.1
109 silly packumentCache full:https://registry.npmjs.org/espree cache-miss
110 http cache https://registry.npmjs.org/levn 16ms (cache hit)
111 silly packumentCache full:https://registry.npmjs.org/levn set size:28223 disposed:false
112 silly fetch manifest ignore@^5.2.0
113 silly packumentCache full:https://registry.npmjs.org/ignore cache-miss
114 http cache https://registry.npmjs.org/debug 8ms (cache hit)
115 silly packumentCache full:https://registry.npmjs.org/debug set size:195840 disposed:false
116 silly fetch manifest esquery@^1.4.2
117 silly packumentCache full:https://registry.npmjs.org/esquery cache-miss
118 http cache https://registry.npmjs.org/chalk 19ms (cache hit)
119 silly packumentCache full:https://registry.npmjs.org/chalk set size:134775 disposed:false
120 silly fetch manifest esutils@^2.0.2
121 silly packumentCache full:https://registry.npmjs.org/esutils cache-miss
122 http cache https://registry.npmjs.org/espree 11ms (cache hit)
123 silly packumentCache full:https://registry.npmjs.org/espree set size:326080 disposed:false
124 silly fetch manifest find-up@^5.0.0
125 silly packumentCache full:https://registry.npmjs.org/find-up cache-miss
126 http cache https://registry.npmjs.org/ignore 19ms (cache hit)
127 silly packumentCache full:https://registry.npmjs.org/ignore set size:240910 disposed:false
128 silly fetch manifest globals@^13.19.0
129 silly packumentCache full:https://registry.npmjs.org/globals cache-miss
130 http cache https://registry.npmjs.org/esquery 23ms (cache hit)
131 silly packumentCache full:https://registry.npmjs.org/esquery set size:48888 disposed:false
132 silly fetch manifest is-glob@^4.0.0
133 silly packumentCache full:https://registry.npmjs.org/is-glob cache-miss
134 http cache https://registry.npmjs.org/esutils 23ms (cache hit)
135 silly packumentCache full:https://registry.npmjs.org/esutils set size:29522 disposed:false
136 silly fetch manifest js-yaml@^4.1.0
137 silly packumentCache full:https://registry.npmjs.org/js-yaml cache-miss
138 http cache https://registry.npmjs.org/find-up 21ms (cache hit)
139 silly packumentCache full:https://registry.npmjs.org/find-up set size:42620 disposed:false
140 silly fetch manifest doctrine@^3.0.0
141 silly packumentCache full:https://registry.npmjs.org/doctrine cache-miss
142 http cache https://registry.npmjs.org/is-glob 7ms (cache hit)
143 silly packumentCache full:https://registry.npmjs.org/is-glob set size:40530 disposed:false
144 silly fetch manifest graphemer@^1.4.0
145 silly packumentCache full:https://registry.npmjs.org/graphemer cache-miss
146 http cache https://registry.npmjs.org/globals 13ms (cache hit)
147 silly packumentCache full:https://registry.npmjs.org/globals set size:323528 disposed:false
148 silly fetch manifest minimatch@^3.1.2
149 silly packumentCache full:https://registry.npmjs.org/minimatch cache-miss
150 http cache https://registry.npmjs.org/js-yaml 7ms (cache hit)
151 silly packumentCache full:https://registry.npmjs.org/js-yaml set size:175381 disposed:false
152 silly fetch manifest @eslint/js@8.57.1
153 silly packumentCache full:https://registry.npmjs.org/@eslint%2fjs cache-miss
154 http cache https://registry.npmjs.org/doctrine 9ms (cache hit)
155 silly packumentCache full:https://registry.npmjs.org/doctrine set size:64052 disposed:false
156 silly fetch manifest optionator@^0.9.3
157 silly packumentCache full:https://registry.npmjs.org/optionator cache-miss
158 http cache https://registry.npmjs.org/graphemer 9ms (cache hit)
159 silly packumentCache full:https://registry.npmjs.org/graphemer set size:25853 disposed:false
160 silly fetch manifest strip-ansi@^6.0.1
161 silly packumentCache full:https://registry.npmjs.org/strip-ansi cache-miss
162 http cache https://registry.npmjs.org/@eslint%2fjs 5ms (cache hit)
163 silly packumentCache full:https://registry.npmjs.org/@eslint%2fjs set size:141633 disposed:false
164 silly fetch manifest text-table@^0.2.0
165 silly packumentCache full:https://registry.npmjs.org/text-table cache-miss
166 http cache https://registry.npmjs.org/optionator 6ms (cache hit)
167 silly packumentCache full:https://registry.npmjs.org/optionator set size:49651 disposed:false
168 silly fetch manifest cross-spawn@^7.0.2
169 silly packumentCache full:https://registry.npmjs.org/cross-spawn cache-miss
170 http cache https://registry.npmjs.org/minimatch 10ms (cache hit)
171 silly packumentCache full:https://registry.npmjs.org/minimatch set size:377924 disposed:false
172 silly fetch manifest glob-parent@^6.0.2
173 silly packumentCache full:https://registry.npmjs.org/glob-parent cache-miss
174 http cache https://registry.npmjs.org/strip-ansi 9ms (cache hit)
175 silly packumentCache full:https://registry.npmjs.org/strip-ansi set size:44998 disposed:false
176 silly fetch manifest imurmurhash@^0.1.4
177 silly packumentCache full:https://registry.npmjs.org/imurmurhash cache-miss
178 http cache https://registry.npmjs.org/glob-parent 4ms (cache hit)
179 silly packumentCache full:https://registry.npmjs.org/glob-parent set size:42445 disposed:false
180 silly fetch manifest eslint-scope@^7.2.2
181 silly packumentCache full:https://registry.npmjs.org/eslint-scope cache-miss
182 http cache https://registry.npmjs.org/text-table 9ms (cache hit)
183 silly packumentCache full:https://registry.npmjs.org/text-table set size:20701 disposed:false
184 silly fetch manifest lodash.merge@^4.6.2
185 silly packumentCache full:https://registry.npmjs.org/lodash.merge cache-miss
186 http cache https://registry.npmjs.org/cross-spawn 9ms (cache hit)
187 silly packumentCache full:https://registry.npmjs.org/cross-spawn set size:109066 disposed:false
188 silly fetch manifest is-path-inside@^3.0.3
189 silly packumentCache full:https://registry.npmjs.org/is-path-inside cache-miss
190 http cache https://registry.npmjs.org/eslint-scope 4ms (cache hit)
191 silly packumentCache full:https://registry.npmjs.org/eslint-scope set size:98867 disposed:false
192 silly fetch manifest fast-deep-equal@^3.1.3
193 silly packumentCache full:https://registry.npmjs.org/fast-deep-equal cache-miss
194 http cache https://registry.npmjs.org/lodash.merge 5ms (cache hit)
195 silly packumentCache full:https://registry.npmjs.org/lodash.merge set size:78575 disposed:false
196 silly fetch manifest natural-compare@^1.4.0
197 silly packumentCache full:https://registry.npmjs.org/natural-compare cache-miss
198 http cache https://registry.npmjs.org/is-path-inside 11ms (cache hit)
199 silly packumentCache full:https://registry.npmjs.org/is-path-inside set size:23585 disposed:false
200 silly fetch manifest @eslint/eslintrc@^2.1.4
201 silly packumentCache full:https://registry.npmjs.org/@eslint%2feslintrc cache-miss
202 http cache https://registry.npmjs.org/imurmurhash 14ms (cache hit)
203 silly packumentCache full:https://registry.npmjs.org/imurmurhash set size:35819 disposed:false
204 silly fetch manifest @nodelib/fs.walk@^1.2.8
205 silly packumentCache full:https://registry.npmjs.org/@nodelib%2ffs.walk cache-miss
206 http cache https://registry.npmjs.org/fast-deep-equal 13ms (cache hit)
207 silly packumentCache full:https://registry.npmjs.org/fast-deep-equal set size:48634 disposed:false
208 silly fetch manifest file-entry-cache@^6.0.1
209 silly packumentCache full:https://registry.npmjs.org/file-entry-cache cache-miss
210 http cache https://registry.npmjs.org/natural-compare 15ms (cache hit)
211 silly packumentCache full:https://registry.npmjs.org/natural-compare set size:7852 disposed:false
212 silly fetch manifest eslint-visitor-keys@^3.4.3
213 silly packumentCache full:https://registry.npmjs.org/eslint-visitor-keys cache-miss
214 http cache https://registry.npmjs.org/@nodelib%2ffs.walk 11ms (cache hit)
215 silly packumentCache full:https://registry.npmjs.org/@nodelib%2ffs.walk set size:41589 disposed:false
216 silly fetch manifest escape-string-regexp@^4.0.0
217 silly packumentCache full:https://registry.npmjs.org/escape-string-regexp cache-miss
218 http cache https://registry.npmjs.org/@eslint%2feslintrc 13ms (cache hit)
219 silly packumentCache full:https://registry.npmjs.org/@eslint%2feslintrc set size:171352 disposed:false
220 silly fetch manifest @ungap/structured-clone@^1.2.0
221 silly packumentCache full:https://registry.npmjs.org/@ungap%2fstructured-clone cache-miss
222 http cache https://registry.npmjs.org/file-entry-cache 19ms (cache hit)
223 silly packumentCache full:https://registry.npmjs.org/file-entry-cache set size:127645 disposed:false
224 silly fetch manifest @eslint-community/regexpp@^4.6.1
225 silly packumentCache full:https://registry.npmjs.org/@eslint-community%2fregexpp cache-miss
226 http cache https://registry.npmjs.org/eslint-visitor-keys 18ms (cache hit)
227 silly packumentCache full:https://registry.npmjs.org/eslint-visitor-keys set size:69949 disposed:false
228 silly fetch manifest @humanwhocodes/config-array@^0.13.0
229 silly packumentCache full:https://registry.npmjs.org/@humanwhocodes%2fconfig-array cache-miss
230 http cache https://registry.npmjs.org/escape-string-regexp 17ms (cache hit)
231 silly packumentCache full:https://registry.npmjs.org/escape-string-regexp set size:22244 disposed:false
232 silly fetch manifest @eslint-community/eslint-utils@^4.2.0
233 silly packumentCache full:https://registry.npmjs.org/@eslint-community%2feslint-utils cache-miss
234 http cache https://registry.npmjs.org/@ungap%2fstructured-clone 17ms (cache hit)
235 silly packumentCache full:https://registry.npmjs.org/@ungap%2fstructured-clone set size:63691 disposed:false
236 silly fetch manifest @humanwhocodes/module-importer@^1.0.1
237 silly packumentCache full:https://registry.npmjs.org/@humanwhocodes%2fmodule-importer cache-miss
238 http cache https://registry.npmjs.org/@eslint-community%2fregexpp 11ms (cache hit)
239 silly packumentCache full:https://registry.npmjs.org/@eslint-community%2fregexpp set size:106609 disposed:false
240 silly fetch manifest json-stable-stringify-without-jsonify@^1.0.1
241 silly packumentCache full:https://registry.npmjs.org/json-stable-stringify-without-jsonify cache-miss
242 http cache https://registry.npmjs.org/@humanwhocodes%2fconfig-array 9ms (cache hit)
243 silly packumentCache full:https://registry.npmjs.org/@humanwhocodes%2fconfig-array set size:139493 disposed:false
244 silly fetch manifest eslint-plugin-react@^7.33.2
245 silly packumentCache full:https://registry.npmjs.org/eslint-plugin-react cache-miss
246 http cache https://registry.npmjs.org/@humanwhocodes%2fmodule-importer 9ms (cache hit)
247 silly packumentCache full:https://registry.npmjs.org/@humanwhocodes%2fmodule-importer set size:9516 disposed:false
248 silly fetch manifest eslint-plugin-import@^2.28.1
249 silly packumentCache full:https://registry.npmjs.org/eslint-plugin-import cache-miss
250 http cache https://registry.npmjs.org/@eslint-community%2feslint-utils 10ms (cache hit)
251 silly packumentCache full:https://registry.npmjs.org/@eslint-community%2feslint-utils set size:108339 disposed:false
252 silly fetch manifest eslint-plugin-jsx-a11y@^6.7.1
253 silly packumentCache full:https://registry.npmjs.org/eslint-plugin-jsx-a11y cache-miss
254 http cache https://registry.npmjs.org/json-stable-stringify-without-jsonify 11ms (cache hit)
255 silly packumentCache full:https://registry.npmjs.org/json-stable-stringify-without-jsonify set size:5808 disposed:false
256 silly fetch manifest @rushstack/eslint-patch@^1.3.3
257 silly packumentCache full:https://registry.npmjs.org/@rushstack%2feslint-patch cache-miss
258 http cache https://registry.npmjs.org/eslint-plugin-import 11ms (cache hit)
259 silly packumentCache full:https://registry.npmjs.org/eslint-plugin-import set size:484928 disposed:false
260 silly fetch manifest @next/eslint-plugin-next@14.2.35
261 silly packumentCache full:https://registry.npmjs.org/@next%2feslint-plugin-next cache-miss
262 http cache https://registry.npmjs.org/eslint-plugin-react 16ms (cache hit)
263 silly packumentCache full:https://registry.npmjs.org/eslint-plugin-react set size:646827 disposed:false
264 silly fetch manifest @typescript-eslint/parser@^5.4.2 || ^6.0.0 || ^7.0.0 || ^8.0.0
265 silly packumentCache full:https://registry.npmjs.org/@typescript-eslint%2fparser cache-miss
266 http cache https://registry.npmjs.org/eslint-plugin-jsx-a11y 18ms (cache hit)
267 silly packumentCache full:https://registry.npmjs.org/eslint-plugin-jsx-a11y set size:280052 disposed:false
268 silly fetch manifest eslint-plugin-react-hooks@^4.5.0 || 5.0.0-canary-7118f5dd7-20230705
269 silly packumentCache full:https://registry.npmjs.org/eslint-plugin-react-hooks cache-miss
270 http cache https://registry.npmjs.org/@rushstack%2feslint-patch 20ms (cache hit)
271 silly packumentCache full:https://registry.npmjs.org/@rushstack%2feslint-patch set size:114289 disposed:false
272 silly fetch manifest eslint-import-resolver-node@^0.3.6
273 silly packumentCache full:https://registry.npmjs.org/eslint-import-resolver-node cache-miss
274 http cache https://registry.npmjs.org/@next%2feslint-plugin-next 29ms (cache hit)
275 silly packumentCache full:https://registry.npmjs.org/@next%2feslint-plugin-next set size:6986448 disposed:false
276 silly fetch manifest @typescript-eslint/eslint-plugin@^5.4.2 || ^6.0.0 || ^7.0.0 || ^8.0.0
277 silly packumentCache full:https://registry.npmjs.org/@typescript-eslint%2feslint-plugin cache-miss
278 http cache https://registry.npmjs.org/eslint-plugin-react-hooks 61ms (cache hit)
279 silly packumentCache full:https://registry.npmjs.org/eslint-plugin-react-hooks set size:7608742 disposed:false
280 silly fetch manifest eslint-import-resolver-typescript@^3.5.2
281 silly packumentCache full:https://registry.npmjs.org/eslint-import-resolver-typescript cache-miss
282 http cache https://registry.npmjs.org/@typescript-eslint%2fparser 112ms (cache hit)
283 silly packumentCache full:https://registry.npmjs.org/@typescript-eslint%2fparser set size:15552918 disposed:false
284 silly fetch manifest busboy@1.6.0
285 silly packumentCache full:https://registry.npmjs.org/busboy cache-miss
286 http fetch GET 200 https://registry.npmjs.org/@supabase%2ffunctions-js 330ms (cache miss)
287 silly packumentCache full:https://registry.npmjs.org/@supabase%2ffunctions-js set size:undefined disposed:false
288 silly fetch manifest postcss@8.4.31
289 silly packumentCache full:https://registry.npmjs.org/postcss cache-miss
290 http cache https://registry.npmjs.org/eslint-import-resolver-node 157ms (cache hit)
291 silly packumentCache full:https://registry.npmjs.org/eslint-import-resolver-node set size:39118 disposed:false
292 silly fetch manifest @next/env@14.2.35
293 silly packumentCache full:https://registry.npmjs.org/@next%2fenv cache-miss
294 http cache https://registry.npmjs.org/busboy 18ms (cache hit)
295 silly packumentCache full:https://registry.npmjs.org/busboy set size:78901 disposed:false
296 silly fetch manifest styled-jsx@5.1.1
297 silly packumentCache full:https://registry.npmjs.org/styled-jsx cache-miss
298 http cache https://registry.npmjs.org/eslint-import-resolver-typescript 82ms (cache hit)
299 silly packumentCache full:https://registry.npmjs.org/eslint-import-resolver-typescript set size:337167 disposed:false
300 silly fetch manifest graceful-fs@^4.2.11
301 silly packumentCache full:https://registry.npmjs.org/graceful-fs cache-miss
302 http cache https://registry.npmjs.org/@typescript-eslint%2feslint-plugin 151ms (cache hit)
303 silly packumentCache full:https://registry.npmjs.org/@typescript-eslint%2feslint-plugin set size:18424838 disposed:false
304 silly fetch manifest @swc/helpers@0.5.5
305 silly packumentCache full:https://registry.npmjs.org/@swc%2fhelpers cache-miss
306 http cache https://registry.npmjs.org/postcss 97ms (cache hit)
307 silly packumentCache full:https://registry.npmjs.org/postcss set size:749954 disposed:false
308 silly fetch manifest caniuse-lite@^1.0.30001579
309 silly packumentCache full:https://registry.npmjs.org/caniuse-lite cache-miss
310 http cache https://registry.npmjs.org/@next%2fenv 110ms (cache hit)
311 silly packumentCache full:https://registry.npmjs.org/@next%2fenv set size:7476463 disposed:false
312 silly fetch manifest @next/swc-darwin-x64@14.2.33
313 silly packumentCache full:https://registry.npmjs.org/@next%2fswc-darwin-x64 cache-miss
314 http cache https://registry.npmjs.org/graceful-fs 124ms (cache hit)
315 silly packumentCache full:https://registry.npmjs.org/graceful-fs set size:124285 disposed:false
316 silly fetch manifest @next/swc-darwin-arm64@14.2.33
317 silly packumentCache full:https://registry.npmjs.org/@next%2fswc-darwin-arm64 cache-miss
318 http cache https://registry.npmjs.org/@swc%2fhelpers 50ms (cache hit)
319 silly packumentCache full:https://registry.npmjs.org/@swc%2fhelpers set size:775458 disposed:false
320 silly fetch manifest @next/swc-linux-x64-gnu@14.2.33
321 silly packumentCache full:https://registry.npmjs.org/@next%2fswc-linux-x64-gnu cache-miss
322 http cache https://registry.npmjs.org/styled-jsx 139ms (cache hit)
323 silly packumentCache full:https://registry.npmjs.org/styled-jsx set size:436113 disposed:false
324 silly fetch manifest @next/swc-linux-x64-musl@14.2.33
325 silly packumentCache full:https://registry.npmjs.org/@next%2fswc-linux-x64-musl cache-miss
326 http cache https://registry.npmjs.org/caniuse-lite 76ms (cache hit)
327 silly packumentCache full:https://registry.npmjs.org/caniuse-lite set size:2306880 disposed:false
328 silly fetch manifest @next/swc-win32-x64-msvc@14.2.33
329 silly packumentCache full:https://registry.npmjs.org/@next%2fswc-win32-x64-msvc cache-miss
330 http fetch GET 200 https://registry.npmjs.org/@supabase%2fstorage-js 534ms (cache miss)
331 silly packumentCache full:https://registry.npmjs.org/@supabase%2fstorage-js set size:undefined disposed:false
332 silly fetch manifest @next/swc-linux-arm64-gnu@14.2.33
333 silly packumentCache full:https://registry.npmjs.org/@next%2fswc-linux-arm64-gnu cache-miss
334 http fetch GET 200 https://registry.npmjs.org/@supabase%2fauth-js 542ms (cache miss)
335 silly packumentCache full:https://registry.npmjs.org/@supabase%2fauth-js set size:undefined disposed:false
336 silly fetch manifest @next/swc-win32-ia32-msvc@14.2.33
337 silly packumentCache full:https://registry.npmjs.org/@next%2fswc-win32-ia32-msvc cache-miss
338 http cache https://registry.npmjs.org/@next%2fswc-darwin-x64 80ms (cache hit)
339 silly packumentCache full:https://registry.npmjs.org/@next%2fswc-darwin-x64 set size:5388505 disposed:false
340 silly fetch manifest @next/swc-linux-arm64-musl@14.2.33
341 silly packumentCache full:https://registry.npmjs.org/@next%2fswc-linux-arm64-musl cache-miss
342 http cache https://registry.npmjs.org/@next%2fswc-darwin-arm64 101ms (cache hit)
343 silly packumentCache full:https://registry.npmjs.org/@next%2fswc-darwin-arm64 set size:5447287 disposed:false
344 silly fetch manifest @next/swc-win32-arm64-msvc@14.2.33
345 silly packumentCache full:https://registry.npmjs.org/@next%2fswc-win32-arm64-msvc cache-miss
346 http cache https://registry.npmjs.org/@next%2fswc-linux-x64-gnu 118ms (cache hit)
347 silly packumentCache full:https://registry.npmjs.org/@next%2fswc-linux-x64-gnu set size:5499001 disposed:false
348 silly fetch manifest scheduler@^0.23.2
349 silly packumentCache full:https://registry.npmjs.org/scheduler cache-miss
350 http cache https://registry.npmjs.org/@next%2fswc-linux-x64-musl 134ms (cache hit)
351 silly packumentCache full:https://registry.npmjs.org/@next%2fswc-linux-x64-musl set size:5254730 disposed:false
352 silly fetch manifest loose-envify@^1.1.0
353 silly packumentCache full:https://registry.npmjs.org/loose-envify cache-miss
354 http cache https://registry.npmjs.org/@next%2fswc-win32-x64-msvc 124ms (cache hit)
355 silly packumentCache full:https://registry.npmjs.org/@next%2fswc-win32-x64-msvc set size:5470141 disposed:false
356 silly fetch manifest loose-envify@^1.1.0
357 silly packumentCache full:https://registry.npmjs.org/loose-envify cache-miss
358 http fetch GET 200 https://registry.npmjs.org/@supabase%2frealtime-js 682ms (cache miss)
359 silly packumentCache full:https://registry.npmjs.org/@supabase%2frealtime-js set size:undefined disposed:false
360 http cache https://registry.npmjs.org/@next%2fswc-linux-arm64-gnu 155ms (cache hit)
361 silly packumentCache full:https://registry.npmjs.org/@next%2fswc-linux-arm64-gnu set size:5303083 disposed:false
362 http cache https://registry.npmjs.org/@next%2fswc-linux-arm64-musl 149ms (cache hit)
363 silly packumentCache full:https://registry.npmjs.org/@next%2fswc-linux-arm64-musl set size:5321950 disposed:false
364 http cache https://registry.npmjs.org/@next%2fswc-win32-ia32-msvc 189ms (cache hit)
365 silly packumentCache full:https://registry.npmjs.org/@next%2fswc-win32-ia32-msvc set size:3201450 disposed:false
366 http cache https://registry.npmjs.org/@next%2fswc-win32-arm64-msvc 158ms (cache hit)
367 silly packumentCache full:https://registry.npmjs.org/@next%2fswc-win32-arm64-msvc set size:5284611 disposed:false
368 http fetch GET 200 https://registry.npmjs.org/@supabase%2fpostgrest-js 769ms (cache miss)
369 silly packumentCache full:https://registry.npmjs.org/@supabase%2fpostgrest-js set size:undefined disposed:false
370 http cache https://registry.npmjs.org/loose-envify 105ms (cache hit)
371 silly packumentCache full:https://registry.npmjs.org/loose-envify set size:12559 disposed:false
372 http cache https://registry.npmjs.org/scheduler 167ms (cache hit)
373 silly packumentCache full:https://registry.npmjs.org/scheduler set size:5643719 disposed:false
374 http cache https://registry.npmjs.org/loose-envify 172ms (cache hit)
375 silly packumentCache full:https://registry.npmjs.org/loose-envify set size:12559 disposed:false
376 silly packumentCache full:https://registry.npmjs.org/loose-envify dispose
377 silly placeDep ROOT @supabase/auth-js@2.110.9 OK for: @supabase/supabase-js@2.110.9 want: 2.110.9
378 silly placeDep ROOT @supabase/functions-js@2.110.9 OK for: @supabase/supabase-js@2.110.9 want: 2.110.9
379 silly placeDep ROOT @supabase/postgrest-js@2.110.9 OK for: @supabase/supabase-js@2.110.9 want: 2.110.9
380 silly placeDep ROOT @supabase/realtime-js@2.110.9 OK for: @supabase/supabase-js@2.110.9 want: 2.110.9
381 silly placeDep ROOT @supabase/storage-js@2.110.9 OK for: @supabase/supabase-js@2.110.9 want: 2.110.9
382 silly fetch manifest tslib@2.8.1
383 silly packumentCache full:https://registry.npmjs.org/tslib cache-miss
384 silly fetch manifest tslib@2.8.1
385 silly packumentCache full:https://registry.npmjs.org/tslib cache-miss
386 silly fetch manifest tslib@2.8.1
387 silly packumentCache full:https://registry.npmjs.org/tslib cache-miss
388 silly fetch manifest tslib@2.8.1
389 silly packumentCache full:https://registry.npmjs.org/tslib cache-miss
390 silly fetch manifest @supabase/phoenix@0.4.5
391 silly packumentCache full:https://registry.npmjs.org/@supabase%2fphoenix cache-miss
392 silly fetch manifest tslib@2.8.1
393 silly packumentCache full:https://registry.npmjs.org/tslib cache-miss
394 silly fetch manifest iceberg-js@^0.8.1
395 silly packumentCache full:https://registry.npmjs.org/iceberg-js cache-miss
396 http cache https://registry.npmjs.org/tslib 7ms (cache hit)
397 silly packumentCache full:https://registry.npmjs.org/tslib set size:108843 disposed:false
398 http cache https://registry.npmjs.org/tslib 8ms (cache hit)
399 silly packumentCache full:https://registry.npmjs.org/tslib set size:108843 disposed:false
400 silly packumentCache full:https://registry.npmjs.org/tslib dispose
401 http cache https://registry.npmjs.org/tslib 9ms (cache hit)
402 silly packumentCache full:https://registry.npmjs.org/tslib set size:108843 disposed:true
403 silly packumentCache full:https://registry.npmjs.org/tslib dispose
404 http cache https://registry.npmjs.org/tslib 9ms (cache hit)
405 silly packumentCache full:https://registry.npmjs.org/tslib set size:108843 disposed:true
406 silly packumentCache full:https://registry.npmjs.org/tslib dispose
407 http cache https://registry.npmjs.org/tslib 10ms (cache hit)
408 silly packumentCache full:https://registry.npmjs.org/tslib set size:108843 disposed:true
409 silly packumentCache full:https://registry.npmjs.org/tslib dispose
410 http fetch GET 200 https://registry.npmjs.org/iceberg-js 25ms (cache miss)
411 silly packumentCache full:https://registry.npmjs.org/iceberg-js set size:undefined disposed:false
412 http fetch GET 200 https://registry.npmjs.org/@supabase%2fphoenix 41ms (cache miss)
413 silly packumentCache full:https://registry.npmjs.org/@supabase%2fphoenix set size:undefined disposed:false
414 silly placeDep ROOT tslib@2.8.1 OK for: @supabase/auth-js@2.110.9 want: 2.8.1
415 silly placeDep ROOT @supabase/phoenix@0.4.5 OK for: @supabase/realtime-js@2.110.9 want: 0.4.5
416 silly placeDep ROOT iceberg-js@0.8.1 OK for: @supabase/storage-js@2.110.9 want: ^0.8.1
417 silly placeDep ROOT undici-types@6.21.0 OK for: @types/node@20.19.43 want: ~6.21.0
418 silly placeDep ROOT @types/prop-types@15.7.15 OK for: @types/react@18.3.31 want: *
419 silly placeDep ROOT csstype@3.2.3 OK for: @types/react@18.3.31 want: ^3.2.2
420 silly fetch manifest eslint@^6.0.0 || ^7.0.0 || >=8.0.0
421 silly packumentCache full:https://registry.npmjs.org/eslint cache-miss
422 http cache https://registry.npmjs.org/eslint 4ms (cache hit)
423 silly packumentCache full:https://registry.npmjs.org/eslint set size:2040662 disposed:false
424 silly fetch manifest jiti@*
425 silly packumentCache full:https://registry.npmjs.org/jiti cache-miss
426 http cache https://registry.npmjs.org/jiti 3ms (cache hit)
427 silly packumentCache full:https://registry.npmjs.org/jiti set size:387989 disposed:false
428 silly placeDep ROOT @eslint-community/eslint-utils@4.10.1 OK for: eslint@8.57.1 want: ^4.2.0
429 silly placeDep ROOT @eslint-community/regexpp@4.12.2 OK for: eslint@8.57.1 want: ^4.6.1
430 silly placeDep ROOT @eslint/eslintrc@2.1.4 OK for: eslint@8.57.1 want: ^2.1.4
431 silly placeDep ROOT @eslint/js@8.57.1 OK for: eslint@8.57.1 want: 8.57.1
432 silly placeDep ROOT @humanwhocodes/config-array@0.13.0 OK for: eslint@8.57.1 want: ^0.13.0
433 silly placeDep ROOT @humanwhocodes/module-importer@1.0.1 OK for: eslint@8.57.1 want: ^1.0.1
434 silly placeDep ROOT @nodelib/fs.walk@1.2.8 OK for: eslint@8.57.1 want: ^1.2.8
435 silly placeDep ROOT @ungap/structured-clone@1.3.3 OK for: eslint@8.57.1 want: ^1.2.0
436 silly placeDep ROOT ajv@6.15.0 OK for: eslint@8.57.1 want: ^6.12.4
437 silly placeDep ROOT chalk@4.1.2 OK for: eslint@8.57.1 want: ^4.0.0
438 silly placeDep ROOT cross-spawn@7.0.6 OK for: eslint@8.57.1 want: ^7.0.2
439 silly placeDep ROOT debug@4.4.3 OK for: eslint@8.57.1 want: ^4.3.2
440 silly placeDep ROOT doctrine@3.0.0 OK for: eslint@8.57.1 want: ^3.0.0
441 silly placeDep ROOT escape-string-regexp@4.0.0 OK for: eslint@8.57.1 want: ^4.0.0
442 silly placeDep ROOT eslint-scope@7.2.2 OK for: eslint@8.57.1 want: ^7.2.2
443 silly placeDep ROOT eslint-visitor-keys@3.4.3 OK for: eslint@8.57.1 want: ^3.4.3
444 silly placeDep ROOT espree@9.6.1 OK for: eslint@8.57.1 want: ^9.6.1
445 silly placeDep ROOT esquery@1.7.0 OK for: eslint@8.57.1 want: ^1.4.2
446 silly placeDep ROOT esutils@2.0.3 OK for: eslint@8.57.1 want: ^2.0.2
447 silly placeDep ROOT fast-deep-equal@3.1.3 OK for: eslint@8.57.1 want: ^3.1.3
448 silly placeDep ROOT file-entry-cache@6.0.1 OK for: eslint@8.57.1 want: ^6.0.1
449 silly placeDep ROOT find-up@5.0.0 OK for: eslint@8.57.1 want: ^5.0.0
450 silly placeDep ROOT glob-parent@6.0.2 OK for: eslint@8.57.1 want: ^6.0.2
451 silly placeDep ROOT globals@13.24.0 OK for: eslint@8.57.1 want: ^13.19.0
452 silly placeDep ROOT graphemer@1.4.0 OK for: eslint@8.57.1 want: ^1.4.0
453 silly placeDep ROOT ignore@5.3.2 OK for: eslint@8.57.1 want: ^5.2.0
454 silly placeDep ROOT imurmurhash@0.1.4 OK for: eslint@8.57.1 want: ^0.1.4
455 silly placeDep ROOT is-glob@4.0.3 OK for: eslint@8.57.1 want: ^4.0.0
456 silly placeDep ROOT is-path-inside@3.0.3 OK for: eslint@8.57.1 want: ^3.0.3
457 silly placeDep ROOT js-yaml@4.3.0 OK for: eslint@8.57.1 want: ^4.1.0
458 silly placeDep ROOT json-stable-stringify-without-jsonify@1.0.1 OK for: eslint@8.57.1 want: ^1.0.1
459 silly placeDep ROOT levn@0.4.1 OK for: eslint@8.57.1 want: ^0.4.1
460 silly placeDep ROOT lodash.merge@4.6.2 OK for: eslint@8.57.1 want: ^4.6.2
461 silly placeDep ROOT minimatch@3.1.5 OK for: eslint@8.57.1 want: ^3.1.2
462 silly placeDep ROOT natural-compare@1.4.0 OK for: eslint@8.57.1 want: ^1.4.0
463 silly placeDep ROOT optionator@0.9.4 OK for: eslint@8.57.1 want: ^0.9.3
464 silly placeDep ROOT strip-ansi@6.0.1 OK for: eslint@8.57.1 want: ^6.0.1
465 silly placeDep ROOT text-table@0.2.0 OK for: eslint@8.57.1 want: ^0.2.0
466 silly fetch manifest espree@^9.6.0
467 silly packumentCache full:https://registry.npmjs.org/espree cache-hit
468 silly fetch manifest import-fresh@^3.2.1
469 silly packumentCache full:https://registry.npmjs.org/import-fresh cache-miss
470 silly fetch manifest strip-json-comments@^3.1.1
471 silly packumentCache full:https://registry.npmjs.org/strip-json-comments cache-miss
472 silly fetch manifest debug@^4.3.1
473 silly packumentCache full:https://registry.npmjs.org/debug cache-hit
474 silly fetch manifest minimatch@^3.0.5
475 silly packumentCache full:https://registry.npmjs.org/minimatch cache-hit
476 silly fetch manifest @humanwhocodes/object-schema@^2.0.3
477 silly packumentCache full:https://registry.npmjs.org/@humanwhocodes%2fobject-schema cache-miss
478 silly fetch manifest fastq@^1.6.0
479 silly packumentCache full:https://registry.npmjs.org/fastq cache-miss
480 silly fetch manifest @nodelib/fs.scandir@2.1.5
481 silly packumentCache full:https://registry.npmjs.org/@nodelib%2ffs.scandir cache-miss
482 silly fetch manifest uri-js@^4.2.2
483 silly packumentCache full:https://registry.npmjs.org/uri-js cache-miss
484 silly fetch manifest fast-deep-equal@^3.1.1
485 silly packumentCache full:https://registry.npmjs.org/fast-deep-equal cache-hit
486 silly fetch manifest json-schema-traverse@^0.4.1
487 silly packumentCache full:https://registry.npmjs.org/json-schema-traverse cache-miss
488 silly fetch manifest fast-json-stable-stringify@^2.0.0
489 silly packumentCache full:https://registry.npmjs.org/fast-json-stable-stringify cache-miss
490 silly fetch manifest ansi-styles@^4.1.0
491 silly packumentCache full:https://registry.npmjs.org/ansi-styles cache-miss
492 http cache https://registry.npmjs.org/import-fresh 7ms (cache hit)
493 silly packumentCache full:https://registry.npmjs.org/import-fresh set size:24604 disposed:false
494 silly fetch manifest supports-color@^7.1.0
495 silly packumentCache full:https://registry.npmjs.org/supports-color cache-miss
496 http cache https://registry.npmjs.org/@humanwhocodes%2fobject-schema 7ms (cache hit)
497 silly packumentCache full:https://registry.npmjs.org/@humanwhocodes%2fobject-schema set size:30629 disposed:false
498 silly fetch manifest which@^2.0.1
499 silly packumentCache full:https://registry.npmjs.org/which cache-miss
500 http cache https://registry.npmjs.org/fastq 8ms (cache hit)
501 silly packumentCache full:https://registry.npmjs.org/fastq set size:78301 disposed:false
502 silly fetch manifest path-key@^3.1.0
503 silly packumentCache full:https://registry.npmjs.org/path-key cache-miss
504 http cache https://registry.npmjs.org/@nodelib%2ffs.scandir 9ms (cache hit)
505 silly packumentCache full:https://registry.npmjs.org/@nodelib%2ffs.scandir set size:49256 disposed:false
506 silly fetch manifest shebang-command@^2.0.0
507 silly packumentCache full:https://registry.npmjs.org/shebang-command cache-miss
508 http cache https://registry.npmjs.org/strip-json-comments 9ms (cache hit)
509 silly packumentCache full:https://registry.npmjs.org/strip-json-comments set size:43569 disposed:false
510 silly fetch manifest ms@^2.1.3
511 silly packumentCache full:https://registry.npmjs.org/ms cache-miss
512 http cache https://registry.npmjs.org/uri-js 10ms (cache hit)
513 silly packumentCache full:https://registry.npmjs.org/uri-js set size:42559 disposed:false
514 silly fetch manifest esrecurse@^4.3.0
515 silly packumentCache full:https://registry.npmjs.org/esrecurse cache-miss
516 http cache https://registry.npmjs.org/fast-json-stable-stringify 10ms (cache hit)
517 silly packumentCache full:https://registry.npmjs.org/fast-json-stable-stringify set size:11337 disposed:false
518 silly fetch manifest estraverse@^5.2.0
519 silly packumentCache full:https://registry.npmjs.org/estraverse cache-miss
520 http cache https://registry.npmjs.org/json-schema-traverse 10ms (cache hit)
521 silly packumentCache full:https://registry.npmjs.org/json-schema-traverse set size:23537 disposed:false
522 silly fetch manifest acorn@^8.9.0
523 silly packumentCache full:https://registry.npmjs.org/acorn cache-miss
524 http cache https://registry.npmjs.org/ansi-styles 11ms (cache hit)
525 silly packumentCache full:https://registry.npmjs.org/ansi-styles set size:71772 disposed:false
526 silly fetch manifest acorn-jsx@^5.3.2
527 silly packumentCache full:https://registry.npmjs.org/acorn-jsx cache-miss
528 http cache https://registry.npmjs.org/path-key 8ms (cache hit)
529 silly packumentCache full:https://registry.npmjs.org/path-key set size:16975 disposed:false
530 silly fetch manifest estraverse@^5.1.0
531 silly packumentCache full:https://registry.npmjs.org/estraverse cache-miss
532 http cache https://registry.npmjs.org/supports-color 10ms (cache hit)
533 silly packumentCache full:https://registry.npmjs.org/supports-color set size:124169 disposed:false
534 silly fetch manifest flat-cache@^3.0.4
535 silly packumentCache full:https://registry.npmjs.org/flat-cache cache-miss
536 http cache https://registry.npmjs.org/which 11ms (cache hit)
537 silly packumentCache full:https://registry.npmjs.org/which set size:70087 disposed:false
538 silly fetch manifest locate-path@^6.0.0
539 silly packumentCache full:https://registry.npmjs.org/locate-path cache-miss
540 http cache https://registry.npmjs.org/shebang-command 10ms (cache hit)
541 silly packumentCache full:https://registry.npmjs.org/shebang-command set size:8525 disposed:false
542 silly fetch manifest path-exists@^4.0.0
543 silly packumentCache full:https://registry.npmjs.org/path-exists cache-miss
544 http cache https://registry.npmjs.org/ms 10ms (cache hit)
545 silly packumentCache full:https://registry.npmjs.org/ms set size:92208 disposed:false
546 silly fetch manifest is-glob@^4.0.3
547 silly packumentCache full:https://registry.npmjs.org/is-glob cache-hit
548 silly fetch manifest type-fest@^0.20.2
549 silly packumentCache full:https://registry.npmjs.org/type-fest cache-miss
550 http cache https://registry.npmjs.org/estraverse 11ms (cache hit)
551 silly packumentCache full:https://registry.npmjs.org/estraverse set size:62412 disposed:false
552 silly fetch manifest is-extglob@^2.1.1
553 silly packumentCache full:https://registry.npmjs.org/is-extglob cache-miss
554 http cache https://registry.npmjs.org/esrecurse 12ms (cache hit)
555 silly packumentCache full:https://registry.npmjs.org/esrecurse set size:29005 disposed:false
556 silly fetch manifest argparse@^2.0.1
557 silly packumentCache full:https://registry.npmjs.org/argparse cache-miss
558 http cache https://registry.npmjs.org/acorn-jsx 10ms (cache hit)
559 silly packumentCache full:https://registry.npmjs.org/acorn-jsx set size:71068 disposed:false
560 silly fetch manifest prelude-ls@^1.2.1
561 silly packumentCache full:https://registry.npmjs.org/prelude-ls cache-miss
562 http cache https://registry.npmjs.org/acorn 13ms (cache hit)
563 silly packumentCache full:https://registry.npmjs.org/acorn set size:383439 disposed:false
564 silly fetch manifest type-check@~0.4.0
565 silly packumentCache full:https://registry.npmjs.org/type-check cache-miss
566 http cache https://registry.npmjs.org/estraverse 14ms (cache hit)
567 silly packumentCache full:https://registry.npmjs.org/estraverse set size:62412 disposed:false
568 silly packumentCache full:https://registry.npmjs.org/estraverse dispose
569 silly fetch manifest brace-expansion@^1.1.7
570 silly packumentCache full:https://registry.npmjs.org/brace-expansion cache-miss
571 http cache https://registry.npmjs.org/locate-path 14ms (cache hit)
572 silly packumentCache full:https://registry.npmjs.org/locate-path set size:31329 disposed:false
573 silly fetch manifest prelude-ls@^1.2.1
574 silly packumentCache full:https://registry.npmjs.org/prelude-ls cache-miss
575 http cache https://registry.npmjs.org/flat-cache 16ms (cache hit)
576 silly packumentCache full:https://registry.npmjs.org/flat-cache set size:160061 disposed:false
577 silly fetch manifest deep-is@^0.1.3
578 silly packumentCache full:https://registry.npmjs.org/deep-is cache-miss
579 http cache https://registry.npmjs.org/path-exists 15ms (cache hit)
580 silly packumentCache full:https://registry.npmjs.org/path-exists set size:13704 disposed:false
581 silly fetch manifest word-wrap@^1.2.5
582 silly packumentCache full:https://registry.npmjs.org/word-wrap cache-miss
583 http cache https://registry.npmjs.org/type-fest 15ms (cache hit)
584 silly packumentCache full:https://registry.npmjs.org/type-fest set size:566201 disposed:false
585 silly fetch manifest type-check@^0.4.0
586 silly packumentCache full:https://registry.npmjs.org/type-check cache-miss
587 http cache https://registry.npmjs.org/argparse 16ms (cache hit)
588 silly packumentCache full:https://registry.npmjs.org/argparse set size:51348 disposed:false
589 silly fetch manifest fast-levenshtein@^2.0.6
590 silly packumentCache full:https://registry.npmjs.org/fast-levenshtein cache-miss
591 http cache https://registry.npmjs.org/prelude-ls 16ms (cache hit)
592 silly packumentCache full:https://registry.npmjs.org/prelude-ls set size:25777 disposed:false
593 silly fetch manifest ansi-regex@^5.0.1
594 silly packumentCache full:https://registry.npmjs.org/ansi-regex cache-miss
595 http cache https://registry.npmjs.org/type-check 15ms (cache hit)
596 silly packumentCache full:https://registry.npmjs.org/type-check set size:21221 disposed:false
597 http cache https://registry.npmjs.org/is-extglob 19ms (cache hit)
598 silly packumentCache full:https://registry.npmjs.org/is-extglob set size:11766 disposed:false
599 http cache https://registry.npmjs.org/prelude-ls 10ms (cache hit)
600 silly packumentCache full:https://registry.npmjs.org/prelude-ls set size:25777 disposed:false
601 silly packumentCache full:https://registry.npmjs.org/prelude-ls dispose
602 http cache https://registry.npmjs.org/brace-expansion 13ms (cache hit)
603 silly packumentCache full:https://registry.npmjs.org/brace-expansion set size:85405 disposed:false
604 http cache https://registry.npmjs.org/deep-is 10ms (cache hit)
605 silly packumentCache full:https://registry.npmjs.org/deep-is set size:10205 disposed:false
606 http cache https://registry.npmjs.org/type-check 6ms (cache hit)
607 silly packumentCache full:https://registry.npmjs.org/type-check set size:21221 disposed:false
608 silly packumentCache full:https://registry.npmjs.org/type-check dispose
609 http cache https://registry.npmjs.org/word-wrap 11ms (cache hit)
610 silly packumentCache full:https://registry.npmjs.org/word-wrap set size:37835 disposed:false
611 http cache https://registry.npmjs.org/fast-levenshtein 7ms (cache hit)
612 silly packumentCache full:https://registry.npmjs.org/fast-levenshtein set size:39317 disposed:false
613 http cache https://registry.npmjs.org/ansi-regex 6ms (cache hit)
614 silly packumentCache full:https://registry.npmjs.org/ansi-regex set size:43572 disposed:false
615 silly placeDep ROOT import-fresh@3.3.1 OK for: @eslint/eslintrc@2.1.4 want: ^3.2.1
616 silly placeDep ROOT strip-json-comments@3.1.1 OK for: @eslint/eslintrc@2.1.4 want: ^3.1.1
617 silly fetch manifest resolve-from@^4.0.0
618 silly packumentCache full:https://registry.npmjs.org/resolve-from cache-miss
619 silly fetch manifest parent-module@^1.0.0
620 silly packumentCache full:https://registry.npmjs.org/parent-module cache-miss
621 http cache https://registry.npmjs.org/parent-module 2ms (cache hit)
622 silly packumentCache full:https://registry.npmjs.org/parent-module set size:18255 disposed:false
623 http cache https://registry.npmjs.org/resolve-from 2ms (cache hit)
624 silly packumentCache full:https://registry.npmjs.org/resolve-from set size:12911 disposed:false
625 silly placeDep ROOT @humanwhocodes/object-schema@2.0.3 OK for: @humanwhocodes/config-array@0.13.0 want: ^2.0.3
626 silly placeDep ROOT @nodelib/fs.scandir@2.1.5 OK for: @nodelib/fs.walk@1.2.8 want: 2.1.5
627 silly placeDep ROOT fastq@1.20.1 OK for: @nodelib/fs.walk@1.2.8 want: ^1.6.0
628 silly fetch manifest run-parallel@^1.1.9
629 silly packumentCache full:https://registry.npmjs.org/run-parallel cache-miss
630 silly fetch manifest @nodelib/fs.stat@2.0.5
631 silly packumentCache full:https://registry.npmjs.org/@nodelib%2ffs.stat cache-miss
632 silly fetch manifest reusify@^1.0.4
633 silly packumentCache full:https://registry.npmjs.org/reusify cache-miss
634 http cache https://registry.npmjs.org/@nodelib%2ffs.stat 3ms (cache hit)
635 silly packumentCache full:https://registry.npmjs.org/@nodelib%2ffs.stat set size:36993 disposed:false
636 http cache https://registry.npmjs.org/reusify 4ms (cache hit)
637 silly packumentCache full:https://registry.npmjs.org/reusify set size:14249 disposed:false
638 http cache https://registry.npmjs.org/run-parallel 4ms (cache hit)
639 silly packumentCache full:https://registry.npmjs.org/run-parallel set size:35172 disposed:false
640 silly placeDep ROOT @nodelib/fs.stat@2.0.5 OK for: @nodelib/fs.scandir@2.1.5 want: 2.0.5
641 silly placeDep ROOT run-parallel@1.2.0 OK for: @nodelib/fs.scandir@2.1.5 want: ^1.1.9
642 silly fetch manifest queue-microtask@^1.2.2
643 silly packumentCache full:https://registry.npmjs.org/queue-microtask cache-miss
644 http cache https://registry.npmjs.org/queue-microtask 2ms (cache hit)
645 silly packumentCache full:https://registry.npmjs.org/queue-microtask set size:36088 disposed:false
646 silly placeDep ROOT fast-json-stable-stringify@2.1.0 OK for: ajv@6.15.0 want: ^2.0.0
647 silly placeDep ROOT json-schema-traverse@0.4.1 OK for: ajv@6.15.0 want: ^0.4.1
648 silly placeDep ROOT uri-js@4.4.1 OK for: ajv@6.15.0 want: ^4.2.2
649 silly fetch manifest punycode@^2.1.0
650 silly packumentCache full:https://registry.npmjs.org/punycode cache-miss
651 http cache https://registry.npmjs.org/punycode 3ms (cache hit)
652 silly packumentCache full:https://registry.npmjs.org/punycode set size:61278 disposed:false
653 silly placeDep ROOT ansi-styles@4.3.0 OK for: chalk@4.1.2 want: ^4.1.0
654 silly placeDep ROOT supports-color@7.2.0 OK for: chalk@4.1.2 want: ^7.1.0
655 silly fetch manifest color-convert@^2.0.1
656 silly packumentCache full:https://registry.npmjs.org/color-convert cache-miss
657 silly fetch manifest has-flag@^4.0.0
658 silly packumentCache full:https://registry.npmjs.org/has-flag cache-miss
659 http cache https://registry.npmjs.org/has-flag 2ms (cache hit)
660 silly packumentCache full:https://registry.npmjs.org/has-flag set size:15180 disposed:false
661 http cache https://registry.npmjs.org/color-convert 3ms (cache hit)
662 silly packumentCache full:https://registry.npmjs.org/color-convert set size:72663 disposed:false
663 silly placeDep ROOT color-convert@2.0.1 OK for: ansi-styles@4.3.0 want: ^2.0.1
664 silly fetch manifest color-name@~1.1.4
665 silly packumentCache full:https://registry.npmjs.org/color-name cache-miss
666 http cache https://registry.npmjs.org/color-name 2ms (cache hit)
667 silly packumentCache full:https://registry.npmjs.org/color-name set size:20968 disposed:false
668 silly placeDep ROOT color-name@1.1.4 OK for: color-convert@2.0.1 want: ~1.1.4
669 silly placeDep ROOT path-key@3.1.1 OK for: cross-spawn@7.0.6 want: ^3.1.0
670 silly placeDep ROOT shebang-command@2.0.0 OK for: cross-spawn@7.0.6 want: ^2.0.0
671 silly placeDep ROOT which@2.0.2 OK for: cross-spawn@7.0.6 want: ^2.0.1
672 silly fetch manifest shebang-regex@^3.0.0
673 silly packumentCache full:https://registry.npmjs.org/shebang-regex cache-miss
674 silly fetch manifest isexe@^2.0.0
675 silly packumentCache full:https://registry.npmjs.org/isexe cache-miss
676 http cache https://registry.npmjs.org/isexe 2ms (cache hit)
677 silly packumentCache full:https://registry.npmjs.org/isexe set size:31756 disposed:false
678 http cache https://registry.npmjs.org/shebang-regex 3ms (cache hit)
679 silly packumentCache full:https://registry.npmjs.org/shebang-regex set size:9763 disposed:false
680 silly placeDep ROOT ms@2.1.3 OK for: debug@4.4.3 want: ^2.1.3
681 silly fetch manifest eslint@^7.23.0 || ^8.0.0
682 silly packumentCache full:https://registry.npmjs.org/eslint cache-miss
683 http cache https://registry.npmjs.org/eslint 4ms (cache hit)
684 silly packumentCache full:https://registry.npmjs.org/eslint set size:2040662 disposed:false
685 silly fetch manifest typescript@>=3.3.1
686 silly packumentCache full:https://registry.npmjs.org/typescript cache-miss
687 http cache https://registry.npmjs.org/typescript 21ms (cache hit)
688 silly packumentCache full:https://registry.npmjs.org/typescript set size:15484648 disposed:false
689 silly fetch manifest typescript@>=4.8.4 <6.1.0
690 silly packumentCache full:https://registry.npmjs.org/typescript cache-miss
691 http cache https://registry.npmjs.org/typescript 21ms (cache hit)
692 silly packumentCache full:https://registry.npmjs.org/typescript set size:15484648 disposed:false
693 silly fetch manifest eslint-plugin-import-x@*
694 silly packumentCache full:https://registry.npmjs.org/eslint-plugin-import-x cache-miss
695 http cache https://registry.npmjs.org/eslint-plugin-import-x 5ms (cache hit)
696 silly packumentCache full:https://registry.npmjs.org/eslint-plugin-import-x set size:276235 disposed:false
697 silly fetch manifest @typescript-eslint/utils@^8.56.0
698 silly packumentCache full:https://registry.npmjs.org/@typescript-eslint%2futils cache-miss
699 http cache https://registry.npmjs.org/@typescript-eslint%2futils 16ms (cache hit)
700 silly packumentCache full:https://registry.npmjs.org/@typescript-eslint%2futils set size:10563135 disposed:false
701 silly placeDep ROOT @next/eslint-plugin-next@14.2.35 OK for: eslint-config-next@14.2.35 want: 14.2.35
702 silly placeDep ROOT @rushstack/eslint-patch@1.16.1 OK for: eslint-config-next@14.2.35 want: ^1.3.3
703 silly placeDep ROOT @typescript-eslint/eslint-plugin@8.65.0 OK for: eslint-config-next@14.2.35 want: ^5.4.2 || ^6.0.0 || ^7.0.0 || ^8.0.0
704 silly placeDep ROOT @typescript-eslint/parser@8.65.0 OK for: @typescript-eslint/eslint-plugin@8.65.0 want: ^8.65.0
705 silly placeDep ROOT eslint-import-resolver-node@0.3.10 OK for: eslint-config-next@14.2.35 want: ^0.3.6
706 silly placeDep ROOT eslint-import-resolver-typescript@3.10.1 OK for: eslint-config-next@14.2.35 want: ^3.5.2
707 silly placeDep ROOT eslint-plugin-import@2.32.0 OK for: eslint-config-next@14.2.35 want: ^2.28.1
708 silly placeDep ROOT eslint-plugin-jsx-a11y@6.10.2 OK for: eslint-config-next@14.2.35 want: ^6.7.1
709 silly placeDep ROOT eslint-plugin-react@7.37.5 OK for: eslint-config-next@14.2.35 want: ^7.33.2
710 silly placeDep ROOT eslint-plugin-react-hooks@5.0.0-canary-7118f5dd7-20230705 OK for: eslint-config-next@14.2.35 want: ^4.5.0 || 5.0.0-canary-7118f5dd7-20230705
711 silly fetch manifest glob@10.3.10
712 silly packumentCache full:https://registry.npmjs.org/glob cache-miss
713 silly fetch manifest ignore@^7.0.5
714 silly packumentCache full:https://registry.npmjs.org/ignore cache-hit
715 silly fetch manifest ts-api-utils@^2.5.0
716 silly packumentCache full:https://registry.npmjs.org/ts-api-utils cache-miss
717 silly fetch manifest @typescript-eslint/utils@8.65.0
718 silly packumentCache full:https://registry.npmjs.org/@typescript-eslint%2futils cache-miss
719 silly fetch manifest @typescript-eslint/type-utils@8.65.0
720 silly packumentCache full:https://registry.npmjs.org/@typescript-eslint%2ftype-utils cache-miss
721 silly fetch manifest @typescript-eslint/visitor-keys@8.65.0
722 silly packumentCache full:https://registry.npmjs.org/@typescript-eslint%2fvisitor-keys cache-miss
723 silly fetch manifest @typescript-eslint/scope-manager@8.65.0
724 silly packumentCache full:https://registry.npmjs.org/@typescript-eslint%2fscope-manager cache-miss
725 silly fetch manifest @typescript-eslint/types@8.65.0
726 silly packumentCache full:https://registry.npmjs.org/@typescript-eslint%2ftypes cache-miss
727 silly fetch manifest @typescript-eslint/visitor-keys@8.65.0
728 silly packumentCache full:https://registry.npmjs.org/@typescript-eslint%2fvisitor-keys cache-miss
729 silly fetch manifest @typescript-eslint/scope-manager@8.65.0
730 silly packumentCache full:https://registry.npmjs.org/@typescript-eslint%2fscope-manager cache-miss
731 http cache https://registry.npmjs.org/ts-api-utils 9ms (cache hit)
732 silly packumentCache full:https://registry.npmjs.org/ts-api-utils set size:226785 disposed:false
733 silly fetch manifest @typescript-eslint/typescript-estree@8.65.0
734 silly packumentCache full:https://registry.npmjs.org/@typescript-eslint%2ftypescript-estree cache-miss
735 http cache https://registry.npmjs.org/@typescript-eslint%2futils 25ms (cache hit)
736 silly packumentCache full:https://registry.npmjs.org/@typescript-eslint%2futils set size:10563135 disposed:false
737 silly fetch manifest debug@^3.2.7
738 silly packumentCache full:https://registry.npmjs.org/debug cache-hit
739 silly fetch manifest resolve@^2.0.0-next.6
740 silly packumentCache full:https://registry.npmjs.org/resolve cache-miss
741 http cache https://registry.npmjs.org/glob 69ms (cache hit)
742 silly packumentCache full:https://registry.npmjs.org/glob set size:469465 disposed:false
743 silly fetch manifest is-core-module@^2.16.1
744 silly packumentCache full:https://registry.npmjs.org/is-core-module cache-miss
745 http cache https://registry.npmjs.org/@typescript-eslint%2fvisitor-keys 86ms (cache hit)
746 silly packumentCache full:https://registry.npmjs.org/@typescript-eslint%2fvisitor-keys set size:12177778 disposed:false
747 silly fetch manifest tinyglobby@^0.2.13
748 silly packumentCache full:https://registry.npmjs.org/tinyglobby cache-miss
749 http cache https://registry.npmjs.org/@typescript-eslint%2fvisitor-keys 137ms (cache hit)
750 silly packumentCache full:https://registry.npmjs.org/@typescript-eslint%2fvisitor-keys set size:12177778 disposed:false
751 silly fetch manifest stable-hash@^0.0.5
752 silly packumentCache full:https://registry.npmjs.org/stable-hash cache-miss
753 http cache https://registry.npmjs.org/@typescript-eslint%2ftype-utils 188ms (cache hit)
754 silly packumentCache full:https://registry.npmjs.org/@typescript-eslint%2ftype-utils set size:9678961 disposed:false
755 silly fetch manifest get-tsconfig@^4.10.0
756 silly packumentCache full:https://registry.npmjs.org/get-tsconfig cache-miss
757 http cache https://registry.npmjs.org/@typescript-eslint%2fscope-manager 240ms (cache hit)
758 silly packumentCache full:https://registry.npmjs.org/@typescript-eslint%2fscope-manager set size:12805440 disposed:false
759 silly fetch manifest is-bun-module@^2.0.0
760 silly packumentCache full:https://registry.npmjs.org/is-bun-module cache-miss
761 http cache https://registry.npmjs.org/@typescript-eslint%2fscope-manager 296ms (cache hit)
762 silly packumentCache full:https://registry.npmjs.org/@typescript-eslint%2fscope-manager set size:12805440 disposed:false
763 silly fetch manifest unrs-resolver@^1.6.2
764 silly packumentCache full:https://registry.npmjs.org/unrs-resolver cache-miss
765 http cache https://registry.npmjs.org/@typescript-eslint%2ftypes 362ms (cache hit)
766 silly packumentCache full:https://registry.npmjs.org/@typescript-eslint%2ftypes set size:12625024 disposed:false
767 silly fetch manifest @nolyfill/is-core-module@1.0.39
768 silly packumentCache full:https://registry.npmjs.org/@nolyfill%2fis-core-module cache-miss
769 http cache https://registry.npmjs.org/stable-hash 226ms (cache hit)
770 silly packumentCache full:https://registry.npmjs.org/stable-hash set size:18359 disposed:false
771 silly fetch manifest @rtsao/scc@^1.1.0
772 silly packumentCache full:https://registry.npmjs.org/@rtsao%2fscc cache-miss
773 http cache https://registry.npmjs.org/resolve 338ms (cache hit)
774 silly packumentCache full:https://registry.npmjs.org/resolve set size:244568 disposed:false
775 silly fetch manifest array-includes@^3.1.9
776 silly packumentCache full:https://registry.npmjs.org/array-includes cache-miss
777 http cache https://registry.npmjs.org/tinyglobby 284ms (cache hit)
778 silly packumentCache full:https://registry.npmjs.org/tinyglobby set size:54291 disposed:false
779 silly fetch manifest array.prototype.findlastindex@^1.2.6
780 silly packumentCache full:https://registry.npmjs.org/array.prototype.findlastindex cache-miss
781 http cache https://registry.npmjs.org/is-core-module 337ms (cache hit)
782 silly packumentCache full:https://registry.npmjs.org/is-core-module set size:74378 disposed:false
783 silly fetch manifest array.prototype.flat@^1.3.3
784 silly packumentCache full:https://registry.npmjs.org/array.prototype.flat cache-miss
785 http cache https://registry.npmjs.org/@typescript-eslint%2ftypescript-estree 413ms (cache hit)
786 silly packumentCache full:https://registry.npmjs.org/@typescript-eslint%2ftypescript-estree set size:16792740 disposed:false
787 silly fetch manifest array.prototype.flatmap@^1.3.3
788 silly packumentCache full:https://registry.npmjs.org/array.prototype.flatmap cache-miss
789 http cache https://registry.npmjs.org/is-bun-module 210ms (cache hit)
790 silly packumentCache full:https://registry.npmjs.org/is-bun-module set size:19768 disposed:false
791 silly fetch manifest doctrine@^2.1.0
792 silly packumentCache full:https://registry.npmjs.org/doctrine cache-hit
793 silly fetch manifest eslint-module-utils@^2.12.1
794 silly packumentCache full:https://registry.npmjs.org/eslint-module-utils cache-miss
795 http cache https://registry.npmjs.org/get-tsconfig 262ms (cache hit)
796 silly packumentCache full:https://registry.npmjs.org/get-tsconfig set size:128095 disposed:false
797 silly fetch manifest hasown@^2.0.2
798 silly packumentCache full:https://registry.npmjs.org/hasown cache-miss
799 http cache https://registry.npmjs.org/@nolyfill%2fis-core-module 97ms (cache hit)
800 silly packumentCache full:https://registry.npmjs.org/@nolyfill%2fis-core-module set size:10461 disposed:false
801 silly fetch manifest object.fromentries@^2.0.8
802 silly packumentCache full:https://registry.npmjs.org/object.fromentries cache-miss
803 http cache https://registry.npmjs.org/unrs-resolver 148ms (cache hit)
804 silly packumentCache full:https://registry.npmjs.org/unrs-resolver set size:151128 disposed:false
805 silly fetch manifest object.groupby@^1.0.3
806 silly packumentCache full:https://registry.npmjs.org/object.groupby cache-miss
807 http cache https://registry.npmjs.org/@rtsao%2fscc 95ms (cache hit)
808 silly packumentCache full:https://registry.npmjs.org/@rtsao%2fscc set size:6332 disposed:false
809 silly fetch manifest object.values@^1.2.1
810 silly packumentCache full:https://registry.npmjs.org/object.values cache-miss
811 http cache https://registry.npmjs.org/array.prototype.flat 90ms (cache hit)
812 silly packumentCache full:https://registry.npmjs.org/array.prototype.flat set size:38327 disposed:false
813 silly fetch manifest semver@^6.3.1
814 silly packumentCache full:https://registry.npmjs.org/semver cache-miss
815 http cache https://registry.npmjs.org/array-includes 93ms (cache hit)
816 silly packumentCache full:https://registry.npmjs.org/array-includes set size:77143 disposed:false
817 silly fetch manifest string.prototype.trimend@^1.0.9
818 silly packumentCache full:https://registry.npmjs.org/string.prototype.trimend cache-miss
819 http cache https://registry.npmjs.org/eslint-module-utils 13ms (cache hit)
820 silly packumentCache full:https://registry.npmjs.org/eslint-module-utils set size:83654 disposed:false
821 silly fetch manifest tsconfig-paths@^3.15.0
822 silly packumentCache full:https://registry.npmjs.org/tsconfig-paths cache-miss
823 http cache https://registry.npmjs.org/array.prototype.findlastindex 94ms (cache hit)
824 silly packumentCache full:https://registry.npmjs.org/array.prototype.findlastindex set size:44828 disposed:false
825 silly fetch manifest aria-query@^5.3.2
826 silly packumentCache full:https://registry.npmjs.org/aria-query cache-miss
827 http cache https://registry.npmjs.org/hasown 14ms (cache hit)
828 silly packumentCache full:https://registry.npmjs.org/hasown set size:18361 disposed:false
829 silly fetch manifest array-includes@^3.1.8
830 silly packumentCache full:https://registry.npmjs.org/array-includes cache-hit
831 silly fetch manifest array.prototype.flatmap@^1.3.2
832 silly packumentCache full:https://registry.npmjs.org/array.prototype.flatmap cache-miss
833 http cache https://registry.npmjs.org/array.prototype.flatmap 19ms (cache hit)
834 silly packumentCache full:https://registry.npmjs.org/array.prototype.flatmap set size:51458 disposed:false
835 silly fetch manifest ast-types-flow@^0.0.8
836 silly packumentCache full:https://registry.npmjs.org/ast-types-flow cache-miss
837 http cache https://registry.npmjs.org/object.groupby 10ms (cache hit)
838 silly packumentCache full:https://registry.npmjs.org/object.groupby set size:15504 disposed:false
839 silly fetch manifest axe-core@^4.10.0
840 silly packumentCache full:https://registry.npmjs.org/axe-core cache-miss
841 http cache https://registry.npmjs.org/object.fromentries 11ms (cache hit)
842 silly packumentCache full:https://registry.npmjs.org/object.fromentries set size:37686 disposed:false
843 silly fetch manifest axobject-query@^4.1.0
844 silly packumentCache full:https://registry.npmjs.org/axobject-query cache-miss
845 http cache https://registry.npmjs.org/object.values 9ms (cache hit)
846 silly packumentCache full:https://registry.npmjs.org/object.values set size:49009 disposed:false
847 silly fetch manifest damerau-levenshtein@^1.0.8
848 silly packumentCache full:https://registry.npmjs.org/damerau-levenshtein cache-miss
849 http cache https://registry.npmjs.org/string.prototype.trimend 8ms (cache hit)
850 silly packumentCache full:https://registry.npmjs.org/string.prototype.trimend set size:44009 disposed:false
851 silly fetch manifest emoji-regex@^9.2.2
852 silly packumentCache full:https://registry.npmjs.org/emoji-regex cache-miss
853 http cache https://registry.npmjs.org/semver 10ms (cache hit)
854 silly packumentCache full:https://registry.npmjs.org/semver set size:246069 disposed:false
855 silly fetch manifest jsx-ast-utils@^3.3.5
856 silly packumentCache full:https://registry.npmjs.org/jsx-ast-utils cache-miss
857 http cache https://registry.npmjs.org/tsconfig-paths 12ms (cache hit)
858 silly packumentCache full:https://registry.npmjs.org/tsconfig-paths set size:192565 disposed:false
859 silly fetch manifest language-tags@^1.0.9
860 silly packumentCache full:https://registry.npmjs.org/language-tags cache-miss
861 http cache https://registry.npmjs.org/aria-query 12ms (cache hit)
862 silly packumentCache full:https://registry.npmjs.org/aria-query set size:98864 disposed:false
863 silly fetch manifest safe-regex-test@^1.0.3
864 silly packumentCache full:https://registry.npmjs.org/safe-regex-test cache-miss
865 http cache https://registry.npmjs.org/array.prototype.flatmap 12ms (cache hit)
866 silly packumentCache full:https://registry.npmjs.org/array.prototype.flatmap set size:51458 disposed:false
867 silly packumentCache full:https://registry.npmjs.org/array.prototype.flatmap dispose
868 silly fetch manifest string.prototype.includes@^2.0.1
869 silly packumentCache full:https://registry.npmjs.org/string.prototype.includes cache-miss
870 http cache https://registry.npmjs.org/ast-types-flow 12ms (cache hit)
871 silly packumentCache full:https://registry.npmjs.org/ast-types-flow set size:15144 disposed:false
872 silly fetch manifest array.prototype.findlast@^1.2.5
873 silly packumentCache full:https://registry.npmjs.org/array.prototype.findlast cache-miss
874 http cache https://registry.npmjs.org/axobject-query 13ms (cache hit)
875 silly packumentCache full:https://registry.npmjs.org/axobject-query set size:75032 disposed:false
876 silly fetch manifest array.prototype.tosorted@^1.1.4
877 silly packumentCache full:https://registry.npmjs.org/array.prototype.tosorted cache-miss
878 http cache https://registry.npmjs.org/axe-core 26ms (cache hit)
879 silly packumentCache full:https://registry.npmjs.org/axe-core set size:9696192 disposed:false
880 silly fetch manifest es-iterator-helpers@^1.2.1
881 silly packumentCache full:https://registry.npmjs.org/es-iterator-helpers cache-miss
882 http cache https://registry.npmjs.org/damerau-levenshtein 51ms (cache hit)
883 silly packumentCache full:https://registry.npmjs.org/damerau-levenshtein set size:23390 disposed:false
884 silly fetch manifest estraverse@^5.3.0
885 silly packumentCache full:https://registry.npmjs.org/estraverse cache-hit
886 silly fetch manifest jsx-ast-utils@^2.4.1 || ^3.0.0
887 silly packumentCache full:https://registry.npmjs.org/jsx-ast-utils cache-miss
888 http cache https://registry.npmjs.org/emoji-regex 53ms (cache hit)
889 silly packumentCache full:https://registry.npmjs.org/emoji-regex set size:89064 disposed:false
890 silly fetch manifest object.entries@^1.1.9
891 silly packumentCache full:https://registry.npmjs.org/object.entries cache-miss
892 http cache https://registry.npmjs.org/safe-regex-test 48ms (cache hit)
893 silly packumentCache full:https://registry.npmjs.org/safe-regex-test set size:17412 disposed:false
894 silly fetch manifest prop-types@^15.8.1
895 silly packumentCache full:https://registry.npmjs.org/prop-types cache-miss
896 http cache https://registry.npmjs.org/jsx-ast-utils 52ms (cache hit)
897 silly packumentCache full:https://registry.npmjs.org/jsx-ast-utils set size:115998 disposed:false
898 silly fetch manifest resolve@^2.0.0-next.5
899 silly packumentCache full:https://registry.npmjs.org/resolve cache-hit
900 silly fetch manifest string.prototype.matchall@^4.0.12
901 silly packumentCache full:https://registry.npmjs.org/string.prototype.matchall cache-miss
902 http cache https://registry.npmjs.org/language-tags 51ms (cache hit)
903 silly packumentCache full:https://registry.npmjs.org/language-tags set size:38675 disposed:false
904 silly fetch manifest string.prototype.repeat@^1.0.0
905 silly packumentCache full:https://registry.npmjs.org/string.prototype.repeat cache-miss
906 http cache https://registry.npmjs.org/string.prototype.includes 51ms (cache hit)
907 silly packumentCache full:https://registry.npmjs.org/string.prototype.includes set size:10217 disposed:false
908 http cache https://registry.npmjs.org/array.prototype.findlast 50ms (cache hit)
909 silly packumentCache full:https://registry.npmjs.org/array.prototype.findlast set size:40323 disposed:false
910 http cache https://registry.npmjs.org/jsx-ast-utils 8ms (cache hit)
911 silly packumentCache full:https://registry.npmjs.org/jsx-ast-utils set size:115998 disposed:false
912 silly packumentCache full:https://registry.npmjs.org/jsx-ast-utils dispose
913 http cache https://registry.npmjs.org/array.prototype.tosorted 49ms (cache hit)
914 silly packumentCache full:https://registry.npmjs.org/array.prototype.tosorted set size:24661 disposed:false
915 http cache https://registry.npmjs.org/es-iterator-helpers 12ms (cache hit)
916 silly packumentCache full:https://registry.npmjs.org/es-iterator-helpers set size:281513 disposed:false
917 http cache https://registry.npmjs.org/string.prototype.repeat 7ms (cache hit)
918 silly packumentCache full:https://registry.npmjs.org/string.prototype.repeat set size:8608 disposed:false
919 http cache https://registry.npmjs.org/prop-types 10ms (cache hit)
920 silly packumentCache full:https://registry.npmjs.org/prop-types set size:76747 disposed:false
921 http cache https://registry.npmjs.org/object.entries 12ms (cache hit)
922 silly packumentCache full:https://registry.npmjs.org/object.entries set size:50037 disposed:false
923 http cache https://registry.npmjs.org/string.prototype.matchall 10ms (cache hit)
924 silly packumentCache full:https://registry.npmjs.org/string.prototype.matchall set size:63239 disposed:false
925 silly placeDep ROOT glob@10.3.10 OK for: @next/eslint-plugin-next@14.2.35 want: 10.3.10
926 silly fetch manifest minipass@^5.0.0 || ^6.0.2 || ^7.0.0
927 silly packumentCache full:https://registry.npmjs.org/minipass cache-miss
928 silly fetch manifest jackspeak@^2.3.5
929 silly packumentCache full:https://registry.npmjs.org/jackspeak cache-miss
930 silly fetch manifest minimatch@^9.0.1
931 silly packumentCache full:https://registry.npmjs.org/minimatch cache-hit
932 silly fetch manifest path-scurry@^1.10.1
933 silly packumentCache full:https://registry.npmjs.org/path-scurry cache-miss
934 silly fetch manifest foreground-child@^3.1.0
935 silly packumentCache full:https://registry.npmjs.org/foreground-child cache-miss
936 http cache https://registry.npmjs.org/minipass 5ms (cache hit)
937 silly packumentCache full:https://registry.npmjs.org/minipass set size:276925 disposed:false
938 http cache https://registry.npmjs.org/foreground-child 6ms (cache hit)
939 silly packumentCache full:https://registry.npmjs.org/foreground-child set size:71503 disposed:false
940 http cache https://registry.npmjs.org/jackspeak 7ms (cache hit)
941 silly packumentCache full:https://registry.npmjs.org/jackspeak set size:204267 disposed:false
942 http cache https://registry.npmjs.org/path-scurry 8ms (cache hit)
943 silly packumentCache full:https://registry.npmjs.org/path-scurry set size:117612 disposed:false
944 silly fetch manifest eslint@^8.57.0 || ^9.0.0 || ^10.0.0
945 silly packumentCache full:https://registry.npmjs.org/eslint cache-miss
946 http cache https://registry.npmjs.org/eslint 4ms (cache hit)
947 silly packumentCache full:https://registry.npmjs.org/eslint set size:2040662 disposed:false
948 silly placeDep ROOT @typescript-eslint/scope-manager@8.65.0 OK for: @typescript-eslint/eslint-plugin@8.65.0 want: 8.65.0
949 silly placeDep ROOT @typescript-eslint/type-utils@8.65.0 OK for: @typescript-eslint/eslint-plugin@8.65.0 want: 8.65.0
950 silly placeDep ROOT @typescript-eslint/utils@8.65.0 OK for: @typescript-eslint/eslint-plugin@8.65.0 want: 8.65.0
951 silly placeDep ROOT @typescript-eslint/visitor-keys@8.65.0 OK for: @typescript-eslint/eslint-plugin@8.65.0 want: 8.65.0
952 silly placeDep node_modules/@typescript-eslint/eslint-plugin ignore@7.0.6 OK for: @typescript-eslint/eslint-plugin@8.65.0 want: ^7.0.5
953 silly placeDep ROOT ts-api-utils@2.5.0 OK for: @typescript-eslint/eslint-plugin@8.65.0 want: ^2.5.0
954 silly fetch manifest eslint-visitor-keys@^5.0.0
955 silly packumentCache full:https://registry.npmjs.org/eslint-visitor-keys cache-hit
956 silly placeDep ROOT @typescript-eslint/types@8.65.0 OK for: @typescript-eslint/parser@8.65.0 want: 8.65.0
957 silly placeDep ROOT @typescript-eslint/typescript-estree@8.65.0 OK for: @typescript-eslint/parser@8.65.0 want: 8.65.0
958 silly fetch manifest semver@^7.7.3
959 silly packumentCache full:https://registry.npmjs.org/semver cache-hit
960 silly fetch manifest minimatch@^10.2.2
961 silly packumentCache full:https://registry.npmjs.org/minimatch cache-hit
962 silly fetch manifest tinyglobby@^0.2.15
963 silly packumentCache full:https://registry.npmjs.org/tinyglobby cache-hit
964 silly fetch manifest @typescript-eslint/tsconfig-utils@8.65.0
965 silly packumentCache full:https://registry.npmjs.org/@typescript-eslint%2ftsconfig-utils cache-miss
966 silly fetch manifest @typescript-eslint/project-service@8.65.0
967 silly packumentCache full:https://registry.npmjs.org/@typescript-eslint%2fproject-service cache-miss
968 http cache https://registry.npmjs.org/@typescript-eslint%2fproject-service 5ms (cache hit)
969 silly packumentCache full:https://registry.npmjs.org/@typescript-eslint%2fproject-service set size:1693942 disposed:false
970 http cache https://registry.npmjs.org/@typescript-eslint%2ftsconfig-utils 12ms (cache hit)
971 silly packumentCache full:https://registry.npmjs.org/@typescript-eslint%2ftsconfig-utils set size:1593972 disposed:false
972 silly placeDep ROOT @typescript-eslint/project-service@8.65.0 OK for: @typescript-eslint/typescript-estree@8.65.0 want: 8.65.0
973 silly placeDep ROOT @typescript-eslint/tsconfig-utils@8.65.0 OK for: @typescript-eslint/typescript-estree@8.65.0 want: 8.65.0
974 silly placeDep node_modules/@typescript-eslint/typescript-estree minimatch@10.2.6 OK for: @typescript-eslint/typescript-estree@8.65.0 want: ^10.2.2
975 silly placeDep ROOT semver@7.8.5 OK for: @typescript-eslint/typescript-estree@8.65.0 want: ^7.7.3
976 silly placeDep ROOT tinyglobby@0.2.17 OK for: @typescript-eslint/typescript-estree@8.65.0 want: ^0.2.15
977 silly fetch manifest @typescript-eslint/tsconfig-utils@^8.65.0
978 silly packumentCache full:https://registry.npmjs.org/@typescript-eslint%2ftsconfig-utils cache-miss
979 silly fetch manifest brace-expansion@^5.0.8
980 silly packumentCache full:https://registry.npmjs.org/brace-expansion cache-hit
981 silly fetch manifest fdir@^6.5.0
982 silly packumentCache full:https://registry.npmjs.org/fdir cache-miss
983 silly fetch manifest picomatch@^4.0.4
984 silly packumentCache full:https://registry.npmjs.org/picomatch cache-miss
985 http cache https://registry.npmjs.org/@typescript-eslint%2ftsconfig-utils 4ms (cache hit)
986 silly packumentCache full:https://registry.npmjs.org/@typescript-eslint%2ftsconfig-utils set size:1593972 disposed:false
987 http cache https://registry.npmjs.org/fdir 10ms (cache hit)
988 silly packumentCache full:https://registry.npmjs.org/fdir set size:136182 disposed:false
989 http cache https://registry.npmjs.org/picomatch 12ms (cache hit)
990 silly packumentCache full:https://registry.npmjs.org/picomatch set size:128942 disposed:false
991 silly placeDep node_modules/@typescript-eslint/visitor-keys eslint-visitor-keys@5.0.1 OK for: @typescript-eslint/visitor-keys@8.65.0 want: ^5.0.0
992 silly placeDep node_modules/eslint-import-resolver-node debug@3.2.7 OK for: eslint-import-resolver-node@0.3.10 want: ^3.2.7
993 silly placeDep ROOT is-core-module@2.16.2 OK for: eslint-import-resolver-node@0.3.10 want: ^2.16.1
994 silly placeDep ROOT resolve@2.0.0-next.7 OK for: eslint-import-resolver-node@0.3.10 want: ^2.0.0-next.6
995 silly fetch manifest hasown@^2.0.3
996 silly packumentCache full:https://registry.npmjs.org/hasown cache-hit
997 silly fetch manifest es-errors@^1.3.0
998 silly packumentCache full:https://registry.npmjs.org/es-errors cache-miss
999 silly fetch manifest node-exports-info@^1.6.0
1000 silly packumentCache full:https://registry.npmjs.org/node-exports-info cache-miss
1001 silly fetch manifest object-keys@^1.1.1
1002 silly packumentCache full:https://registry.npmjs.org/object-keys cache-miss
1003 silly fetch manifest path-parse@^1.0.7
1004 silly packumentCache full:https://registry.npmjs.org/path-parse cache-miss
1005 silly fetch manifest supports-preserve-symlinks-flag@^1.0.0
1006 silly packumentCache full:https://registry.npmjs.org/supports-preserve-symlinks-flag cache-miss
1007 http cache https://registry.npmjs.org/es-errors 3ms (cache hit)
1008 silly packumentCache full:https://registry.npmjs.org/es-errors set size:16918 disposed:false
1009 http cache https://registry.npmjs.org/path-parse 4ms (cache hit)
1010 silly packumentCache full:https://registry.npmjs.org/path-parse set size:14523 disposed:false
1011 http cache https://registry.npmjs.org/supports-preserve-symlinks-flag 4ms (cache hit)
1012 silly packumentCache full:https://registry.npmjs.org/supports-preserve-symlinks-flag set size:6802 disposed:false
1013 http cache https://registry.npmjs.org/node-exports-info 5ms (cache hit)
1014 silly packumentCache full:https://registry.npmjs.org/node-exports-info set size:69480 disposed:false
1015 http cache https://registry.npmjs.org/object-keys 5ms (cache hit)
1016 silly packumentCache full:https://registry.npmjs.org/object-keys set size:67744 disposed:false
1017 silly placeDep ROOT @nolyfill/is-core-module@1.0.39 OK for: eslint-import-resolver-typescript@3.10.1 want: 1.0.39
1018 silly placeDep ROOT get-tsconfig@4.14.0 OK for: eslint-import-resolver-typescript@3.10.1 want: ^4.10.0
1019 silly placeDep ROOT is-bun-module@2.0.0 OK for: eslint-import-resolver-typescript@3.10.1 want: ^2.0.0
1020 silly placeDep ROOT stable-hash@0.0.5 OK for: eslint-import-resolver-typescript@3.10.1 want: ^0.0.5
1021 silly placeDep ROOT unrs-resolver@1.12.2 OK for: eslint-import-resolver-typescript@3.10.1 want: ^1.6.2
1022 silly fetch manifest resolve-pkg-maps@^1.0.0
1023 silly packumentCache full:https://registry.npmjs.org/resolve-pkg-maps cache-miss
1024 silly fetch manifest napi-postinstall@^0.3.4
1025 silly packumentCache full:https://registry.npmjs.org/napi-postinstall cache-miss
1026 silly fetch manifest @unrs/resolver-binding-darwin-arm64@1.12.2
1027 silly packumentCache full:https://registry.npmjs.org/@unrs%2fresolver-binding-darwin-arm64 cache-miss
1028 silly fetch manifest @unrs/resolver-binding-android-arm64@1.12.2
1029 silly packumentCache full:https://registry.npmjs.org/@unrs%2fresolver-binding-android-arm64 cache-miss
1030 silly fetch manifest @unrs/resolver-binding-win32-arm64-msvc@1.12.2
1031 silly packumentCache full:https://registry.npmjs.org/@unrs%2fresolver-binding-win32-arm64-msvc cache-miss
1032 silly fetch manifest @unrs/resolver-binding-linux-arm64-gnu@1.12.2
1033 silly packumentCache full:https://registry.npmjs.org/@unrs%2fresolver-binding-linux-arm64-gnu cache-miss
1034 silly fetch manifest @unrs/resolver-binding-linux-arm64-musl@1.12.2
1035 silly packumentCache full:https://registry.npmjs.org/@unrs%2fresolver-binding-linux-arm64-musl cache-miss
1036 silly fetch manifest @unrs/resolver-binding-openharmony-arm64@1.12.2
1037 silly packumentCache full:https://registry.npmjs.org/@unrs%2fresolver-binding-openharmony-arm64 cache-miss
1038 silly fetch manifest @unrs/resolver-binding-android-arm-eabi@1.12.2
1039 silly packumentCache full:https://registry.npmjs.org/@unrs%2fresolver-binding-android-arm-eabi cache-miss
1040 http cache https://registry.npmjs.org/napi-postinstall 7ms (cache hit)
1041 silly packumentCache full:https://registry.npmjs.org/napi-postinstall set size:41400 disposed:false
1042 silly fetch manifest @unrs/resolver-binding-linux-arm-gnueabihf@1.12.2
1043 silly packumentCache full:https://registry.npmjs.org/@unrs%2fresolver-binding-linux-arm-gnueabihf cache-miss
1044 http cache https://registry.npmjs.org/resolve-pkg-maps 8ms (cache hit)
1045 silly packumentCache full:https://registry.npmjs.org/resolve-pkg-maps set size:11615 disposed:false
1046 silly fetch manifest @unrs/resolver-binding-linux-arm-musleabihf@1.12.2
1047 silly packumentCache full:https://registry.npmjs.org/@unrs%2fresolver-binding-linux-arm-musleabihf cache-miss
1048 http cache https://registry.npmjs.org/@unrs%2fresolver-binding-android-arm-eabi 8ms (cache hit)
1049 silly packumentCache full:https://registry.npmjs.org/@unrs%2fresolver-binding-android-arm-eabi set size:17797 disposed:false
1050 silly fetch manifest @unrs/resolver-binding-win32-ia32-msvc@1.12.2
1051 silly packumentCache full:https://registry.npmjs.org/@unrs%2fresolver-binding-win32-ia32-msvc cache-miss
1052 http cache https://registry.npmjs.org/@unrs%2fresolver-binding-android-arm64 8ms (cache hit)
1053 silly packumentCache full:https://registry.npmjs.org/@unrs%2fresolver-binding-android-arm64 set size:17616 disposed:false
1054 silly fetch manifest @unrs/resolver-binding-linux-loong64-gnu@1.12.2
1055 silly packumentCache full:https://registry.npmjs.org/@unrs%2fresolver-binding-linux-loong64-gnu cache-miss
1056 http cache https://registry.npmjs.org/@unrs%2fresolver-binding-openharmony-arm64 9ms (cache hit)
1057 silly packumentCache full:https://registry.npmjs.org/@unrs%2fresolver-binding-openharmony-arm64 set size:7350 disposed:false
1058 silly fetch manifest @unrs/resolver-binding-linux-loong64-musl@1.12.2
1059 silly packumentCache full:https://registry.npmjs.org/@unrs%2fresolver-binding-linux-loong64-musl cache-miss
1060 http cache https://registry.npmjs.org/@unrs%2fresolver-binding-darwin-arm64 9ms (cache hit)
1061 silly packumentCache full:https://registry.npmjs.org/@unrs%2fresolver-binding-darwin-arm64 set size:63676 disposed:false
1062 silly fetch manifest @unrs/resolver-binding-linux-ppc64-gnu@1.12.2
1063 silly packumentCache full:https://registry.npmjs.org/@unrs%2fresolver-binding-linux-ppc64-gnu cache-miss
1064 http cache https://registry.npmjs.org/@unrs%2fresolver-binding-linux-arm64-gnu 10ms (cache hit)
1065 silly packumentCache full:https://registry.npmjs.org/@unrs%2fresolver-binding-linux-arm64-gnu set size:65047 disposed:false
1066 silly fetch manifest @unrs/resolver-binding-linux-riscv64-gnu@1.12.2
1067 silly packumentCache full:https://registry.npmjs.org/@unrs%2fresolver-binding-linux-riscv64-gnu cache-miss
1068 http cache https://registry.npmjs.org/@unrs%2fresolver-binding-win32-arm64-msvc 10ms (cache hit)
1069 silly packumentCache full:https://registry.npmjs.org/@unrs%2fresolver-binding-win32-arm64-msvc set size:64613 disposed:false
1070 silly fetch manifest @unrs/resolver-binding-linux-riscv64-musl@1.12.2
1071 silly packumentCache full:https://registry.npmjs.org/@unrs%2fresolver-binding-linux-riscv64-musl cache-miss
1072 http cache https://registry.npmjs.org/@unrs%2fresolver-binding-linux-arm64-musl 11ms (cache hit)
1073 silly packumentCache full:https://registry.npmjs.org/@unrs%2fresolver-binding-linux-arm64-musl set size:65257 disposed:false
1074 silly fetch manifest @unrs/resolver-binding-linux-s390x-gnu@1.12.2
1075 silly packumentCache full:https://registry.npmjs.org/@unrs%2fresolver-binding-linux-s390x-gnu cache-miss
1076 http cache https://registry.npmjs.org/@unrs%2fresolver-binding-linux-arm-gnueabihf 7ms (cache hit)
1077 silly packumentCache full:https://registry.npmjs.org/@unrs%2fresolver-binding-linux-arm-gnueabihf set size:65279 disposed:false
1078 silly fetch manifest @unrs/resolver-binding-wasm32-wasi@1.12.2
1079 silly packumentCache full:https://registry.npmjs.org/@unrs%2fresolver-binding-wasm32-wasi cache-miss
1080 http cache https://registry.npmjs.org/@unrs%2fresolver-binding-win32-ia32-msvc 8ms (cache hit)
1081 silly packumentCache full:https://registry.npmjs.org/@unrs%2fresolver-binding-win32-ia32-msvc set size:64317 disposed:false
1082 silly fetch manifest @unrs/resolver-binding-darwin-x64@1.12.2
1083 silly packumentCache full:https://registry.npmjs.org/@unrs%2fresolver-binding-darwin-x64 cache-miss
1084 http cache https://registry.npmjs.org/@unrs%2fresolver-binding-linux-arm-musleabihf 9ms (cache hit)
1085 silly packumentCache full:https://registry.npmjs.org/@unrs%2fresolver-binding-linux-arm-musleabihf set size:65533 disposed:false
1086 silly fetch manifest @unrs/resolver-binding-win32-x64-msvc@1.12.2
1087 silly packumentCache full:https://registry.npmjs.org/@unrs%2fresolver-binding-win32-x64-msvc cache-miss
1088 http cache https://registry.npmjs.org/@unrs%2fresolver-binding-linux-ppc64-gnu 8ms (cache hit)
1089 silly packumentCache full:https://registry.npmjs.org/@unrs%2fresolver-binding-linux-ppc64-gnu set size:65057 disposed:false
1090 silly fetch manifest @unrs/resolver-binding-freebsd-x64@1.12.2
1091 silly packumentCache full:https://registry.npmjs.org/@unrs%2fresolver-binding-freebsd-x64 cache-miss
1092 http cache https://registry.npmjs.org/@unrs%2fresolver-binding-linux-loong64-gnu 9ms (cache hit)
1093 silly packumentCache full:https://registry.npmjs.org/@unrs%2fresolver-binding-linux-loong64-gnu set size:4107 disposed:false
1094 silly fetch manifest @unrs/resolver-binding-linux-x64-gnu@1.12.2
1095 silly packumentCache full:https://registry.npmjs.org/@unrs%2fresolver-binding-linux-x64-gnu cache-miss
1096 http cache https://registry.npmjs.org/@unrs%2fresolver-binding-linux-loong64-musl 9ms (cache hit)
1097 silly packumentCache full:https://registry.npmjs.org/@unrs%2fresolver-binding-linux-loong64-musl set size:4124 disposed:false
1098 silly fetch manifest @unrs/resolver-binding-linux-x64-musl@1.12.2
1099 silly packumentCache full:https://registry.npmjs.org/@unrs%2fresolver-binding-linux-x64-musl cache-miss
1100 http cache https://registry.npmjs.org/@unrs%2fresolver-binding-linux-s390x-gnu 7ms (cache hit)
1101 silly packumentCache full:https://registry.npmjs.org/@unrs%2fresolver-binding-linux-s390x-gnu set size:65047 disposed:false
1102 http cache https://registry.npmjs.org/@unrs%2fresolver-binding-linux-riscv64-musl 8ms (cache hit)
1103 silly packumentCache full:https://registry.npmjs.org/@unrs%2fresolver-binding-linux-riscv64-musl set size:45710 disposed:false
1104 http cache https://registry.npmjs.org/@unrs%2fresolver-binding-linux-riscv64-gnu 9ms (cache hit)
1105 silly packumentCache full:https://registry.npmjs.org/@unrs%2fresolver-binding-linux-riscv64-gnu set size:56387 disposed:false
1106 http cache https://registry.npmjs.org/@unrs%2fresolver-binding-darwin-x64 6ms (cache hit)
1107 silly packumentCache full:https://registry.npmjs.org/@unrs%2fresolver-binding-darwin-x64 set size:63092 disposed:false
1108 http cache https://registry.npmjs.org/@unrs%2fresolver-binding-win32-x64-msvc 6ms (cache hit)
1109 silly packumentCache full:https://registry.npmjs.org/@unrs%2fresolver-binding-win32-x64-msvc set size:64034 disposed:false
1110 http cache https://registry.npmjs.org/@unrs%2fresolver-binding-wasm32-wasi 8ms (cache hit)
1111 silly packumentCache full:https://registry.npmjs.org/@unrs%2fresolver-binding-wasm32-wasi set size:67358 disposed:false
1112 http cache https://registry.npmjs.org/@unrs%2fresolver-binding-freebsd-x64 6ms (cache hit)
1113 silly packumentCache full:https://registry.npmjs.org/@unrs%2fresolver-binding-freebsd-x64 set size:63388 disposed:false
1114 http cache https://registry.npmjs.org/@unrs%2fresolver-binding-linux-x64-musl 7ms (cache hit)
1115 silly packumentCache full:https://registry.npmjs.org/@unrs%2fresolver-binding-linux-x64-musl set size:64685 disposed:false
1116 http cache https://registry.npmjs.org/@unrs%2fresolver-binding-linux-x64-gnu 7ms (cache hit)
1117 silly packumentCache full:https://registry.npmjs.org/@unrs%2fresolver-binding-linux-x64-gnu set size:64469 disposed:false
1118 silly placeDep ROOT @rtsao/scc@1.1.0 OK for: eslint-plugin-import@2.32.0 want: ^1.1.0
1119 silly placeDep ROOT array-includes@3.1.9 OK for: eslint-plugin-import@2.32.0 want: ^3.1.9
1120 silly placeDep ROOT array.prototype.findlastindex@1.2.6 OK for: eslint-plugin-import@2.32.0 want: ^1.2.6
1121 silly placeDep ROOT array.prototype.flat@1.3.3 OK for: eslint-plugin-import@2.32.0 want: ^1.3.3
1122 silly placeDep ROOT array.prototype.flatmap@1.3.3 OK for: eslint-plugin-import@2.32.0 want: ^1.3.3
1123 silly placeDep node_modules/eslint-plugin-import debug@3.2.7 OK for: eslint-plugin-import@2.32.0 want: ^3.2.7
1124 silly placeDep node_modules/eslint-plugin-import doctrine@2.1.0 OK for: eslint-plugin-import@2.32.0 want: ^2.1.0
1125 silly placeDep ROOT eslint-module-utils@2.14.0 OK for: eslint-plugin-import@2.32.0 want: ^2.12.1
1126 silly placeDep ROOT hasown@2.0.4 OK for: eslint-plugin-import@2.32.0 want: ^2.0.2
1127 silly placeDep ROOT object.fromentries@2.0.8 OK for: eslint-plugin-import@2.32.0 want: ^2.0.8
1128 silly placeDep ROOT object.groupby@1.0.3 OK for: eslint-plugin-import@2.32.0 want: ^1.0.3
1129 silly placeDep ROOT object.values@1.2.1 OK for: eslint-plugin-import@2.32.0 want: ^1.2.1
1130 silly placeDep node_modules/eslint-plugin-import semver@6.3.1 OK for: eslint-plugin-import@2.32.0 want: ^6.3.1
1131 silly placeDep ROOT string.prototype.trimend@1.0.10 OK for: eslint-plugin-import@2.32.0 want: ^1.0.9
1132 silly placeDep ROOT tsconfig-paths@3.15.0 OK for: eslint-plugin-import@2.32.0 want: ^3.15.0
1133 silly fetch manifest call-bind@^1.0.8
1134 silly packumentCache full:https://registry.npmjs.org/call-bind cache-miss
1135 silly fetch manifest call-bound@^1.0.4
1136 silly packumentCache full:https://registry.npmjs.org/call-bound cache-miss
1137 silly fetch manifest define-properties@^1.2.1
1138 silly packumentCache full:https://registry.npmjs.org/define-properties cache-miss
1139 silly fetch manifest es-abstract@^1.24.0
1140 silly packumentCache full:https://registry.npmjs.org/es-abstract cache-miss
1141 silly fetch manifest es-object-atoms@^1.1.1
1142 silly packumentCache full:https://registry.npmjs.org/es-object-atoms cache-miss
1143 silly fetch manifest get-intrinsic@^1.3.0
1144 silly packumentCache full:https://registry.npmjs.org/get-intrinsic cache-miss
1145 silly fetch manifest is-string@^1.1.1
1146 silly packumentCache full:https://registry.npmjs.org/is-string cache-miss
1147 silly fetch manifest math-intrinsics@^1.1.0
1148 silly packumentCache full:https://registry.npmjs.org/math-intrinsics cache-miss
1149 silly fetch manifest call-bind@^1.0.8
1150 silly packumentCache full:https://registry.npmjs.org/call-bind cache-miss
1151 http cache https://registry.npmjs.org/define-properties 6ms (cache hit)
1152 silly packumentCache full:https://registry.npmjs.org/define-properties set size:31491 disposed:false
1153 silly fetch manifest call-bound@^1.0.4
1154 silly packumentCache full:https://registry.npmjs.org/call-bound cache-miss
1155 http cache https://registry.npmjs.org/call-bind 6ms (cache hit)
1156 silly packumentCache full:https://registry.npmjs.org/call-bind set size:32985 disposed:false
1157 silly fetch manifest es-abstract@^1.23.9
1158 silly packumentCache full:https://registry.npmjs.org/es-abstract cache-miss
1159 http cache https://registry.npmjs.org/get-intrinsic 7ms (cache hit)
1160 silly packumentCache full:https://registry.npmjs.org/get-intrinsic set size:60985 disposed:false
1161 silly fetch manifest es-object-atoms@^1.1.1
1162 silly packumentCache full:https://registry.npmjs.org/es-object-atoms cache-miss
1163 http cache https://registry.npmjs.org/call-bind 7ms (cache hit)
1164 silly packumentCache full:https://registry.npmjs.org/call-bind set size:32985 disposed:false
1165 silly packumentCache full:https://registry.npmjs.org/call-bind dispose
1166 silly fetch manifest es-shim-unscopables@^1.1.0
1167 silly packumentCache full:https://registry.npmjs.org/es-shim-unscopables cache-miss
1168 http cache https://registry.npmjs.org/call-bound 9ms (cache hit)
1169 silly packumentCache full:https://registry.npmjs.org/call-bound set size:15317 disposed:false
1170 silly fetch manifest es-abstract@^1.23.5
1171 silly packumentCache full:https://registry.npmjs.org/es-abstract cache-miss
1172 http cache https://registry.npmjs.org/es-object-atoms 9ms (cache hit)
1173 silly packumentCache full:https://registry.npmjs.org/es-object-atoms set size:18278 disposed:false
1174 silly fetch manifest es-shim-unscopables@^1.0.2
1175 silly packumentCache full:https://registry.npmjs.org/es-shim-unscopables cache-miss
1176 http cache https://registry.npmjs.org/es-abstract 10ms (cache hit)
1177 silly packumentCache full:https://registry.npmjs.org/es-abstract set size:384124 disposed:false
1178 silly fetch manifest es-abstract@^1.23.5
1179 silly packumentCache full:https://registry.npmjs.org/es-abstract cache-hit
1180 silly fetch manifest es-shim-unscopables@^1.0.2
1181 silly packumentCache full:https://registry.npmjs.org/es-shim-unscopables cache-miss
1182 http cache https://registry.npmjs.org/is-string 12ms (cache hit)
1183 silly packumentCache full:https://registry.npmjs.org/is-string set size:29636 disposed:false
1184 silly fetch manifest function-bind@^1.1.2
1185 silly packumentCache full:https://registry.npmjs.org/function-bind cache-miss
1186 http cache https://registry.npmjs.org/math-intrinsics 13ms (cache hit)
1187 silly packumentCache full:https://registry.npmjs.org/math-intrinsics set size:9265 disposed:false
1188 silly fetch manifest call-bind@^1.0.7
1189 silly packumentCache full:https://registry.npmjs.org/call-bind cache-hit
1190 silly fetch manifest es-abstract@^1.23.2
1191 silly packumentCache full:https://registry.npmjs.org/es-abstract cache-hit
1192 silly fetch manifest es-object-atoms@^1.0.0
1193 silly packumentCache full:https://registry.npmjs.org/es-object-atoms cache-hit
1194 silly fetch manifest call-bound@^1.0.3
1195 silly packumentCache full:https://registry.npmjs.org/call-bound cache-hit
1196 silly fetch manifest call-bind@^1.0.9
1197 silly packumentCache full:https://registry.npmjs.org/call-bind cache-hit
1198 silly fetch manifest es-object-atoms@^1.1.2
1199 silly packumentCache full:https://registry.npmjs.org/es-object-atoms cache-hit
1200 silly fetch manifest json5@^1.0.2
1201 silly packumentCache full:https://registry.npmjs.org/json5 cache-miss
1202 http cache https://registry.npmjs.org/call-bound 13ms (cache hit)
1203 silly packumentCache full:https://registry.npmjs.org/call-bound set size:15317 disposed:false
1204 silly packumentCache full:https://registry.npmjs.org/call-bound dispose
1205 silly fetch manifest minimist@^1.2.6
1206 silly packumentCache full:https://registry.npmjs.org/minimist cache-miss
1207 http cache https://registry.npmjs.org/es-abstract 13ms (cache hit)
1208 silly packumentCache full:https://registry.npmjs.org/es-abstract set size:384124 disposed:false
1209 silly packumentCache full:https://registry.npmjs.org/es-abstract dispose
1210 silly fetch manifest strip-bom@^3.0.0
1211 silly packumentCache full:https://registry.npmjs.org/strip-bom cache-miss
1212 http cache https://registry.npmjs.org/es-object-atoms 14ms (cache hit)
1213 silly packumentCache full:https://registry.npmjs.org/es-object-atoms set size:18278 disposed:false
1214 silly packumentCache full:https://registry.npmjs.org/es-object-atoms dispose
1215 silly fetch manifest @types/json5@^0.0.29
1216 silly packumentCache full:https://registry.npmjs.org/@types%2fjson5 cache-miss
1217 http cache https://registry.npmjs.org/es-shim-unscopables 13ms (cache hit)
1218 silly packumentCache full:https://registry.npmjs.org/es-shim-unscopables set size:13965 disposed:false
1219 http cache https://registry.npmjs.org/es-abstract 14ms (cache hit)
1220 silly packumentCache full:https://registry.npmjs.org/es-abstract set size:384124 disposed:true
1221 silly packumentCache full:https://registry.npmjs.org/es-abstract dispose
1222 http cache https://registry.npmjs.org/es-shim-unscopables 15ms (cache hit)
1223 silly packumentCache full:https://registry.npmjs.org/es-shim-unscopables set size:13965 disposed:false
1224 silly packumentCache full:https://registry.npmjs.org/es-shim-unscopables dispose
1225 http cache https://registry.npmjs.org/es-shim-unscopables 13ms (cache hit)
1226 silly packumentCache full:https://registry.npmjs.org/es-shim-unscopables set size:13965 disposed:true
1227 silly packumentCache full:https://registry.npmjs.org/es-shim-unscopables dispose
1228 http cache https://registry.npmjs.org/function-bind 12ms (cache hit)
1229 silly packumentCache full:https://registry.npmjs.org/function-bind set size:15733 disposed:false
1230 http cache https://registry.npmjs.org/json5 10ms (cache hit)
1231 silly packumentCache full:https://registry.npmjs.org/json5 set size:86136 disposed:false
1232 http cache https://registry.npmjs.org/@types%2fjson5 7ms (cache hit)
1233 silly packumentCache full:https://registry.npmjs.org/@types%2fjson5 set size:19581 disposed:false
1234 http cache https://registry.npmjs.org/strip-bom 8ms (cache hit)
1235 silly packumentCache full:https://registry.npmjs.org/strip-bom set size:19359 disposed:false
1236 http cache https://registry.npmjs.org/minimist 10ms (cache hit)
1237 silly packumentCache full:https://registry.npmjs.org/minimist set size:77063 disposed:false
1238 silly placeDep ROOT call-bind@1.0.9 OK for: array-includes@3.1.9 want: ^1.0.8
1239 silly placeDep ROOT call-bound@1.0.4 OK for: array-includes@3.1.9 want: ^1.0.4
1240 silly placeDep ROOT define-properties@1.2.1 OK for: array-includes@3.1.9 want: ^1.2.1
1241 silly placeDep ROOT es-abstract@1.24.2 OK for: array-includes@3.1.9 want: ^1.24.0
1242 silly placeDep ROOT es-object-atoms@1.1.2 OK for: array-includes@3.1.9 want: ^1.1.1
1243 silly placeDep ROOT get-intrinsic@1.3.0 OK for: array-includes@3.1.9 want: ^1.3.0
1244 silly placeDep ROOT is-string@1.1.1 OK for: array-includes@3.1.9 want: ^1.1.1
1245 silly placeDep ROOT math-intrinsics@1.1.0 OK for: array-includes@3.1.9 want: ^1.1.0
1246 silly fetch manifest call-bind-apply-helpers@^1.0.2
1247 silly packumentCache full:https://registry.npmjs.org/call-bind-apply-helpers cache-miss
1248 silly fetch manifest es-define-property@^1.0.1
1249 silly packumentCache full:https://registry.npmjs.org/es-define-property cache-miss
1250 silly fetch manifest set-function-length@^1.2.2
1251 silly packumentCache full:https://registry.npmjs.org/set-function-length cache-miss
1252 silly fetch manifest call-bind-apply-helpers@^1.0.2
1253 silly packumentCache full:https://registry.npmjs.org/call-bind-apply-helpers cache-miss
1254 silly fetch manifest define-data-property@^1.0.1
1255 silly packumentCache full:https://registry.npmjs.org/define-data-property cache-miss
1256 silly fetch manifest has-property-descriptors@^1.0.0
1257 silly packumentCache full:https://registry.npmjs.org/has-property-descriptors cache-miss
1258 silly fetch manifest array-buffer-byte-length@^1.0.2
1259 silly packumentCache full:https://registry.npmjs.org/array-buffer-byte-length cache-miss
1260 silly fetch manifest arraybuffer.prototype.slice@^1.0.4
1261 silly packumentCache full:https://registry.npmjs.org/arraybuffer.prototype.slice cache-miss
1262 silly fetch manifest available-typed-arrays@^1.0.7
1263 silly packumentCache full:https://registry.npmjs.org/available-typed-arrays cache-miss
1264 http cache https://registry.npmjs.org/call-bind-apply-helpers 6ms (cache hit)
1265 silly packumentCache full:https://registry.npmjs.org/call-bind-apply-helpers set size:12744 disposed:false
1266 silly fetch manifest data-view-buffer@^1.0.2
1267 silly packumentCache full:https://registry.npmjs.org/data-view-buffer cache-miss
1268 http cache https://registry.npmjs.org/es-define-property 7ms (cache hit)
1269 silly packumentCache full:https://registry.npmjs.org/es-define-property set size:8542 disposed:false
1270 silly fetch manifest data-view-byte-length@^1.0.2
1271 silly packumentCache full:https://registry.npmjs.org/data-view-byte-length cache-miss
1272 http cache https://registry.npmjs.org/define-data-property 7ms (cache hit)
1273 silly packumentCache full:https://registry.npmjs.org/define-data-property set size:28048 disposed:false
1274 silly fetch manifest data-view-byte-offset@^1.0.1
1275 silly packumentCache full:https://registry.npmjs.org/data-view-byte-offset cache-miss
1276 http cache https://registry.npmjs.org/call-bind-apply-helpers 8ms (cache hit)
1277 silly packumentCache full:https://registry.npmjs.org/call-bind-apply-helpers set size:12744 disposed:false
1278 silly packumentCache full:https://registry.npmjs.org/call-bind-apply-helpers dispose
1279 silly fetch manifest es-set-tostringtag@^2.1.0
1280 silly packumentCache full:https://registry.npmjs.org/es-set-tostringtag cache-miss
1281 http cache https://registry.npmjs.org/set-function-length 8ms (cache hit)
1282 silly packumentCache full:https://registry.npmjs.org/set-function-length set size:24261 disposed:false
1283 silly fetch manifest es-to-primitive@^1.3.0
1284 silly packumentCache full:https://registry.npmjs.org/es-to-primitive cache-miss
1285 http cache https://registry.npmjs.org/arraybuffer.prototype.slice 8ms (cache hit)
1286 silly packumentCache full:https://registry.npmjs.org/arraybuffer.prototype.slice set size:20917 disposed:false
1287 silly fetch manifest function.prototype.name@^1.1.8
1288 silly packumentCache full:https://registry.npmjs.org/function.prototype.name cache-miss
1289 http cache https://registry.npmjs.org/has-property-descriptors 9ms (cache hit)
1290 silly packumentCache full:https://registry.npmjs.org/has-property-descriptors set size:12452 disposed:false
1291 silly fetch manifest get-proto@^1.0.1
1292 silly packumentCache full:https://registry.npmjs.org/get-proto cache-miss
1293 http cache https://registry.npmjs.org/array-buffer-byte-length 9ms (cache hit)
1294 silly packumentCache full:https://registry.npmjs.org/array-buffer-byte-length set size:13099 disposed:false
1295 silly fetch manifest get-symbol-description@^1.1.0
1296 silly packumentCache full:https://registry.npmjs.org/get-symbol-description cache-miss
1297 http cache https://registry.npmjs.org/available-typed-arrays 10ms (cache hit)
1298 silly packumentCache full:https://registry.npmjs.org/available-typed-arrays set size:31390 disposed:false
1299 silly fetch manifest globalthis@^1.0.4
1300 silly packumentCache full:https://registry.npmjs.org/globalthis cache-miss
1301 http cache https://registry.npmjs.org/data-view-byte-offset 7ms (cache hit)
1302 silly packumentCache full:https://registry.npmjs.org/data-view-byte-offset set size:9200 disposed:false
1303 silly fetch manifest gopd@^1.2.0
1304 silly packumentCache full:https://registry.npmjs.org/gopd cache-miss
1305 http cache https://registry.npmjs.org/data-view-buffer 9ms (cache hit)
1306 silly packumentCache full:https://registry.npmjs.org/data-view-buffer set size:11789 disposed:false
1307 silly fetch manifest has-property-descriptors@^1.0.2
1308 silly packumentCache full:https://registry.npmjs.org/has-property-descriptors cache-hit
1309 silly fetch manifest has-proto@^1.2.0
1310 silly packumentCache full:https://registry.npmjs.org/has-proto cache-miss
1311 http cache https://registry.npmjs.org/data-view-byte-length 8ms (cache hit)
1312 silly packumentCache full:https://registry.npmjs.org/data-view-byte-length set size:12269 disposed:false
1313 silly fetch manifest has-symbols@^1.1.0
1314 silly packumentCache full:https://registry.npmjs.org/has-symbols cache-miss
1315 http cache https://registry.npmjs.org/es-set-tostringtag 8ms (cache hit)
1316 silly packumentCache full:https://registry.npmjs.org/es-set-tostringtag set size:22094 disposed:false
1317 silly fetch manifest internal-slot@^1.1.0
1318 silly packumentCache full:https://registry.npmjs.org/internal-slot cache-miss
1319 http cache https://registry.npmjs.org/get-proto 7ms (cache hit)
1320 silly packumentCache full:https://registry.npmjs.org/get-proto set size:8300 disposed:false
1321 silly fetch manifest is-array-buffer@^3.0.5
1322 silly packumentCache full:https://registry.npmjs.org/is-array-buffer cache-miss
1323 http cache https://registry.npmjs.org/function.prototype.name 7ms (cache hit)
1324 silly packumentCache full:https://registry.npmjs.org/function.prototype.name set size:48566 disposed:false
1325 silly fetch manifest is-callable@^1.2.7
1326 silly packumentCache full:https://registry.npmjs.org/is-callable cache-miss
1327 http cache https://registry.npmjs.org/globalthis 7ms (cache hit)
1328 silly packumentCache full:https://registry.npmjs.org/globalthis set size:22522 disposed:false
1329 silly fetch manifest is-data-view@^1.0.2
1330 silly packumentCache full:https://registry.npmjs.org/is-data-view cache-miss
1331 http cache https://registry.npmjs.org/es-to-primitive 9ms (cache hit)
1332 silly packumentCache full:https://registry.npmjs.org/es-to-primitive set size:35315 disposed:false
1333 silly fetch manifest is-negative-zero@^2.0.3
1334 silly packumentCache full:https://registry.npmjs.org/is-negative-zero cache-miss
1335 http cache https://registry.npmjs.org/get-symbol-description 8ms (cache hit)
1336 silly packumentCache full:https://registry.npmjs.org/get-symbol-description set size:15540 disposed:false
1337 silly fetch manifest is-regex@^1.2.1
1338 silly packumentCache full:https://registry.npmjs.org/is-regex cache-miss
1339 http cache https://registry.npmjs.org/has-symbols 7ms (cache hit)
1340 silly packumentCache full:https://registry.npmjs.org/has-symbols set size:21550 disposed:false
1341 silly fetch manifest is-set@^2.0.3
1342 silly packumentCache full:https://registry.npmjs.org/is-set cache-miss
1343 http cache https://registry.npmjs.org/has-proto 8ms (cache hit)
1344 silly packumentCache full:https://registry.npmjs.org/has-proto set size:21527 disposed:false
1345 silly fetch manifest is-shared-array-buffer@^1.0.4
1346 silly packumentCache full:https://registry.npmjs.org/is-shared-array-buffer cache-miss
1347 http cache https://registry.npmjs.org/is-array-buffer 7ms (cache hit)
1348 silly packumentCache full:https://registry.npmjs.org/is-array-buffer set size:33562 disposed:false
1349 silly fetch manifest is-typed-array@^1.1.15
1350 silly packumentCache full:https://registry.npmjs.org/is-typed-array cache-miss
1351 http cache https://registry.npmjs.org/gopd 9ms (cache hit)
1352 silly packumentCache full:https://registry.npmjs.org/gopd set size:11483 disposed:false
1353 silly fetch manifest is-weakref@^1.1.1
1354 silly packumentCache full:https://registry.npmjs.org/is-weakref cache-miss
1355 http cache https://registry.npmjs.org/is-data-view 7ms (cache hit)
1356 silly packumentCache full:https://registry.npmjs.org/is-data-view set size:13756 disposed:false
1357 silly fetch manifest object-inspect@^1.13.4
1358 silly packumentCache full:https://registry.npmjs.org/object-inspect cache-miss
1359 http cache https://registry.npmjs.org/is-callable 8ms (cache hit)
1360 silly packumentCache full:https://registry.npmjs.org/is-callable set size:66606 disposed:false
1361 silly fetch manifest object.assign@^4.1.7
1362 silly packumentCache full:https://registry.npmjs.org/object.assign cache-miss
1363 http cache https://registry.npmjs.org/is-negative-zero 7ms (cache hit)
1364 silly packumentCache full:https://registry.npmjs.org/is-negative-zero set size:22152 disposed:false
1365 silly fetch manifest own-keys@^1.0.1
1366 silly packumentCache full:https://registry.npmjs.org/own-keys cache-miss
1367 http cache https://registry.npmjs.org/internal-slot 10ms (cache hit)
1368 silly packumentCache full:https://registry.npmjs.org/internal-slot set size:30267 disposed:false
1369 silly fetch manifest regexp.prototype.flags@^1.5.4
1370 silly packumentCache full:https://registry.npmjs.org/regexp.prototype.flags cache-miss
1371 http cache https://registry.npmjs.org/is-regex 8ms (cache hit)
1372 silly packumentCache full:https://registry.npmjs.org/is-regex set size:42924 disposed:false
1373 silly fetch manifest safe-array-concat@^1.1.3
1374 silly packumentCache full:https://registry.npmjs.org/safe-array-concat cache-miss
1375 http cache https://registry.npmjs.org/is-shared-array-buffer 8ms (cache hit)
1376 silly packumentCache full:https://registry.npmjs.org/is-shared-array-buffer set size:19880 disposed:false
1377 silly fetch manifest safe-push-apply@^1.0.0
1378 silly packumentCache full:https://registry.npmjs.org/safe-push-apply cache-miss
1379 http cache https://registry.npmjs.org/is-typed-array 8ms (cache hit)
1380 silly packumentCache full:https://registry.npmjs.org/is-typed-array set size:79965 disposed:false
1381 silly fetch manifest safe-regex-test@^1.1.0
1382 silly packumentCache full:https://registry.npmjs.org/safe-regex-test cache-hit
1383 silly fetch manifest set-proto@^1.0.0
1384 silly packumentCache full:https://registry.npmjs.org/set-proto cache-miss
1385 http cache https://registry.npmjs.org/is-set 12ms (cache hit)
1386 silly packumentCache full:https://registry.npmjs.org/is-set set size:16614 disposed:false
1387 silly fetch manifest stop-iteration-iterator@^1.1.0
1388 silly packumentCache full:https://registry.npmjs.org/stop-iteration-iterator cache-miss
1389 http cache https://registry.npmjs.org/safe-array-concat 7ms (cache hit)
1390 silly packumentCache full:https://registry.npmjs.org/safe-array-concat set size:25516 disposed:false
1391 silly fetch manifest string.prototype.trim@^1.2.10
1392 silly packumentCache full:https://registry.npmjs.org/string.prototype.trim cache-miss
1393 http cache https://registry.npmjs.org/is-weakref 10ms (cache hit)
1394 silly packumentCache full:https://registry.npmjs.org/is-weakref set size:18473 disposed:false
1395 silly fetch manifest string.prototype.trimstart@^1.0.8
1396 silly packumentCache full:https://registry.npmjs.org/string.prototype.trimstart cache-miss
1397 http cache https://registry.npmjs.org/object-inspect 11ms (cache hit)
1398 silly packumentCache full:https://registry.npmjs.org/object-inspect set size:101927 disposed:false
1399 silly fetch manifest typed-array-buffer@^1.0.3
1400 silly packumentCache full:https://registry.npmjs.org/typed-array-buffer cache-miss
1401 http cache https://registry.npmjs.org/own-keys 10ms (cache hit)
1402 silly packumentCache full:https://registry.npmjs.org/own-keys set size:11888 disposed:false
1403 silly fetch manifest typed-array-byte-length@^1.0.3
1404 silly packumentCache full:https://registry.npmjs.org/typed-array-byte-length cache-miss
1405 http cache https://registry.npmjs.org/object.assign 12ms (cache hit)
1406 silly packumentCache full:https://registry.npmjs.org/object.assign set size:85907 disposed:false
1407 silly fetch manifest typed-array-byte-offset@^1.0.4
1408 silly packumentCache full:https://registry.npmjs.org/typed-array-byte-offset cache-miss
1409 http cache https://registry.npmjs.org/regexp.prototype.flags 12ms (cache hit)
1410 silly packumentCache full:https://registry.npmjs.org/regexp.prototype.flags set size:60621 disposed:false
1411 silly fetch manifest typed-array-length@^1.0.7
1412 silly packumentCache full:https://registry.npmjs.org/typed-array-length cache-miss
1413 http cache https://registry.npmjs.org/stop-iteration-iterator 8ms (cache hit)
1414 silly packumentCache full:https://registry.npmjs.org/stop-iteration-iterator set size:9160 disposed:false
1415 silly fetch manifest unbox-primitive@^1.1.0
1416 silly packumentCache full:https://registry.npmjs.org/unbox-primitive cache-miss
1417 http cache https://registry.npmjs.org/set-proto 9ms (cache hit)
1418 silly packumentCache full:https://registry.npmjs.org/set-proto set size:5334 disposed:false
1419 silly fetch manifest which-typed-array@^1.1.19
1420 silly packumentCache full:https://registry.npmjs.org/which-typed-array cache-miss
1421 http cache https://registry.npmjs.org/safe-push-apply 11ms (cache hit)
1422 silly packumentCache full:https://registry.npmjs.org/safe-push-apply set size:5759 disposed:false
1423 silly fetch manifest has-tostringtag@^1.0.2
1424 silly packumentCache full:https://registry.npmjs.org/has-tostringtag cache-miss
1425 http cache https://registry.npmjs.org/string.prototype.trim 10ms (cache hit)
1426 silly packumentCache full:https://registry.npmjs.org/string.prototype.trim set size:57416 disposed:false
1427 http cache https://registry.npmjs.org/string.prototype.trimstart 9ms (cache hit)
1428 silly packumentCache full:https://registry.npmjs.org/string.prototype.trimstart set size:38291 disposed:false
1429 http cache https://registry.npmjs.org/typed-array-buffer 9ms (cache hit)
1430 silly packumentCache full:https://registry.npmjs.org/typed-array-buffer set size:14045 disposed:false
1431 http cache https://registry.npmjs.org/typed-array-byte-offset 8ms (cache hit)
1432 silly packumentCache full:https://registry.npmjs.org/typed-array-byte-offset set size:21714 disposed:false
1433 http cache https://registry.npmjs.org/typed-array-byte-length 9ms (cache hit)
1434 silly packumentCache full:https://registry.npmjs.org/typed-array-byte-length set size:18382 disposed:false
1435 http cache https://registry.npmjs.org/typed-array-length 8ms (cache hit)
1436 silly packumentCache full:https://registry.npmjs.org/typed-array-length set size:35665 disposed:false
1437 http cache https://registry.npmjs.org/which-typed-array 12ms (cache hit)
1438 silly packumentCache full:https://registry.npmjs.org/which-typed-array set size:101551 disposed:false
1439 http cache https://registry.npmjs.org/has-tostringtag 13ms (cache hit)
1440 silly packumentCache full:https://registry.npmjs.org/has-tostringtag set size:13945 disposed:false
1441 http cache https://registry.npmjs.org/unbox-primitive 15ms (cache hit)
1442 silly packumentCache full:https://registry.npmjs.org/unbox-primitive set size:15669 disposed:false
1443 silly placeDep ROOT es-errors@1.3.0 OK for: array.prototype.findlastindex@1.2.6 want: ^1.3.0
1444 silly placeDep ROOT es-shim-unscopables@1.1.0 OK for: array.prototype.findlastindex@1.2.6 want: ^1.1.0
1445 silly placeDep ROOT call-bind-apply-helpers@1.0.2 OK for: call-bind@1.0.9 want: ^1.0.2
1446 silly placeDep ROOT es-define-property@1.0.1 OK for: call-bind@1.0.9 want: ^1.0.1
1447 silly placeDep ROOT set-function-length@1.2.2 OK for: call-bind@1.0.9 want: ^1.2.2
1448 silly fetch manifest define-data-property@^1.1.4
1449 silly packumentCache full:https://registry.npmjs.org/define-data-property cache-hit
1450 silly fetch manifest gopd@^1.0.1
1451 silly packumentCache full:https://registry.npmjs.org/gopd cache-hit
1452 silly placeDep ROOT function-bind@1.1.2 OK for: call-bind-apply-helpers@1.0.2 want: ^1.1.2
1453 silly placeDep ROOT define-data-property@1.1.4 OK for: define-properties@1.2.1 want: ^1.0.1
1454 silly placeDep ROOT has-property-descriptors@1.0.2 OK for: define-properties@1.2.1 want: ^1.0.0
1455 silly placeDep ROOT object-keys@1.1.1 OK for: define-properties@1.2.1 want: ^1.1.1
1456 silly placeDep ROOT gopd@1.2.0 OK for: define-data-property@1.1.4 want: ^1.0.1
1457 silly placeDep ROOT array-buffer-byte-length@1.0.2 OK for: es-abstract@1.24.2 want: ^1.0.2
1458 silly placeDep ROOT arraybuffer.prototype.slice@1.0.4 OK for: es-abstract@1.24.2 want: ^1.0.4
1459 silly placeDep ROOT available-typed-arrays@1.0.7 OK for: es-abstract@1.24.2 want: ^1.0.7
1460 silly placeDep ROOT data-view-buffer@1.0.2 OK for: es-abstract@1.24.2 want: ^1.0.2
1461 silly placeDep ROOT data-view-byte-length@1.0.2 OK for: es-abstract@1.24.2 want: ^1.0.2
1462 silly placeDep ROOT data-view-byte-offset@1.0.1 OK for: es-abstract@1.24.2 want: ^1.0.1
1463 silly placeDep ROOT es-set-tostringtag@2.1.0 OK for: es-abstract@1.24.2 want: ^2.1.0
1464 silly placeDep ROOT es-to-primitive@1.3.4 OK for: es-abstract@1.24.2 want: ^1.3.0
1465 silly placeDep ROOT function.prototype.name@1.2.0 OK for: es-abstract@1.24.2 want: ^1.1.8
1466 silly placeDep ROOT get-proto@1.0.1 OK for: es-abstract@1.24.2 want: ^1.0.1
1467 silly placeDep ROOT get-symbol-description@1.1.0 OK for: es-abstract@1.24.2 want: ^1.1.0
1468 silly placeDep ROOT globalthis@1.0.4 OK for: es-abstract@1.24.2 want: ^1.0.4
1469 silly placeDep ROOT has-proto@1.2.0 OK for: es-abstract@1.24.2 want: ^1.2.0
1470 silly placeDep ROOT has-symbols@1.1.0 OK for: es-abstract@1.24.2 want: ^1.1.0
1471 silly placeDep ROOT internal-slot@1.1.0 OK for: es-abstract@1.24.2 want: ^1.1.0
1472 silly placeDep ROOT is-array-buffer@3.0.5 OK for: es-abstract@1.24.2 want: ^3.0.5
1473 silly placeDep ROOT is-callable@1.2.7 OK for: es-abstract@1.24.2 want: ^1.2.7
1474 silly placeDep ROOT is-data-view@1.0.2 OK for: es-abstract@1.24.2 want: ^1.0.2
1475 silly placeDep ROOT is-negative-zero@2.0.3 OK for: es-abstract@1.24.2 want: ^2.0.3
1476 silly placeDep ROOT is-regex@1.2.1 OK for: es-abstract@1.24.2 want: ^1.2.1
1477 silly placeDep ROOT is-set@2.0.3 OK for: es-abstract@1.24.2 want: ^2.0.3
1478 silly placeDep ROOT is-shared-array-buffer@1.0.4 OK for: es-abstract@1.24.2 want: ^1.0.4
1479 silly placeDep ROOT is-typed-array@1.1.15 OK for: es-abstract@1.24.2 want: ^1.1.15
1480 silly placeDep ROOT is-weakref@1.1.1 OK for: es-abstract@1.24.2 want: ^1.1.1
1481 silly placeDep ROOT object-inspect@1.13.4 OK for: es-abstract@1.24.2 want: ^1.13.4
1482 silly placeDep ROOT object.assign@4.1.7 OK for: es-abstract@1.24.2 want: ^4.1.7
1483 silly placeDep ROOT own-keys@1.0.2 OK for: es-abstract@1.24.2 want: ^1.0.1
1484 silly placeDep ROOT regexp.prototype.flags@1.5.4 OK for: es-abstract@1.24.2 want: ^1.5.4
1485 silly placeDep ROOT safe-array-concat@1.1.4 OK for: es-abstract@1.24.2 want: ^1.1.3
1486 silly placeDep ROOT safe-push-apply@1.0.0 OK for: es-abstract@1.24.2 want: ^1.0.0
1487 silly placeDep ROOT safe-regex-test@1.1.0 OK for: es-abstract@1.24.2 want: ^1.1.0
1488 silly placeDep ROOT set-proto@1.0.0 OK for: es-abstract@1.24.2 want: ^1.0.0
1489 silly placeDep ROOT stop-iteration-iterator@1.1.0 OK for: es-abstract@1.24.2 want: ^1.1.0
1490 silly placeDep ROOT string.prototype.trim@1.2.11 OK for: es-abstract@1.24.2 want: ^1.2.10
1491 silly placeDep ROOT string.prototype.trimstart@1.0.8 OK for: es-abstract@1.24.2 want: ^1.0.8
1492 silly placeDep ROOT typed-array-buffer@1.0.3 OK for: es-abstract@1.24.2 want: ^1.0.3
1493 silly placeDep ROOT typed-array-byte-length@1.0.3 OK for: es-abstract@1.24.2 want: ^1.0.3
1494 silly placeDep ROOT typed-array-byte-offset@1.0.4 OK for: es-abstract@1.24.2 want: ^1.0.4
1495 silly placeDep ROOT typed-array-length@1.0.8 OK for: es-abstract@1.24.2 want: ^1.0.7
1496 silly placeDep ROOT unbox-primitive@1.1.0 OK for: es-abstract@1.24.2 want: ^1.1.0
1497 silly placeDep ROOT which-typed-array@1.1.22 OK for: es-abstract@1.24.2 want: ^1.1.19
1498 silly fetch manifest is-array-buffer@^3.0.4
1499 silly packumentCache full:https://registry.npmjs.org/is-array-buffer cache-hit
1500 silly fetch manifest possible-typed-array-names@^1.0.0
1501 silly packumentCache full:https://registry.npmjs.org/possible-typed-array-names cache-miss
1502 silly fetch manifest is-data-view@^1.0.1
1503 silly packumentCache full:https://registry.npmjs.org/is-data-view cache-hit
1504 silly fetch manifest is-symbol@^1.1.1
1505 silly packumentCache full:https://registry.npmjs.org/is-symbol cache-miss
1506 silly fetch manifest is-date-object@^1.1.0
1507 silly packumentCache full:https://registry.npmjs.org/is-date-object cache-miss
1508 silly fetch manifest es-abstract-get@^1.0.0
1509 silly packumentCache full:https://registry.npmjs.org/es-abstract-get cache-miss
1510 silly fetch manifest is-document.all@^1.0.0
1511 silly packumentCache full:https://registry.npmjs.org/is-document.all cache-miss
1512 silly fetch manifest functions-have-names@^1.2.3
1513 silly packumentCache full:https://registry.npmjs.org/functions-have-names cache-miss
1514 silly fetch manifest dunder-proto@^1.0.1
1515 silly packumentCache full:https://registry.npmjs.org/dunder-proto cache-miss
1516 silly fetch manifest dunder-proto@^1.0.0
1517 silly packumentCache full:https://registry.npmjs.org/dunder-proto cache-miss
1518 silly fetch manifest side-channel@^1.1.0
1519 silly packumentCache full:https://registry.npmjs.org/side-channel cache-miss
1520 http cache https://registry.npmjs.org/functions-have-names 10ms (cache hit)
1521 silly packumentCache full:https://registry.npmjs.org/functions-have-names set size:24196 disposed:false
1522 silly fetch manifest is-typed-array@^1.1.13
1523 silly packumentCache full:https://registry.npmjs.org/is-typed-array cache-hit
1524 silly fetch manifest which-typed-array@^1.1.16
1525 silly packumentCache full:https://registry.npmjs.org/which-typed-array cache-hit
1526 silly fetch manifest set-function-name@^2.0.2
1527 silly packumentCache full:https://registry.npmjs.org/set-function-name cache-miss
1528 http cache https://registry.npmjs.org/es-abstract-get 12ms (cache hit)
1529 silly packumentCache full:https://registry.npmjs.org/es-abstract-get set size:7156 disposed:false
1530 silly fetch manifest isarray@^2.0.5
1531 silly packumentCache full:https://registry.npmjs.org/isarray cache-miss
1532 http cache https://registry.npmjs.org/is-date-object 14ms (cache hit)
1533 silly packumentCache full:https://registry.npmjs.org/is-date-object set size:25050 disposed:false
1534 silly fetch manifest isarray@^2.0.5
1535 silly packumentCache full:https://registry.npmjs.org/isarray cache-miss
1536 http cache https://registry.npmjs.org/possible-typed-array-names 18ms (cache hit)
1537 silly packumentCache full:https://registry.npmjs.org/possible-typed-array-names set size:9167 disposed:false
1538 silly fetch manifest dunder-proto@^1.0.1
1539 silly packumentCache full:https://registry.npmjs.org/dunder-proto cache-miss
1540 http cache https://registry.npmjs.org/is-symbol 18ms (cache hit)
1541 silly packumentCache full:https://registry.npmjs.org/is-symbol set size:22675 disposed:false
1542 silly fetch manifest for-each@^0.3.3
1543 silly packumentCache full:https://registry.npmjs.org/for-each cache-miss
1544 http cache https://registry.npmjs.org/is-document.all 18ms (cache hit)
1545 silly packumentCache full:https://registry.npmjs.org/is-document.all set size:5283 disposed:false
1546 silly fetch manifest for-each@^0.3.3
1547 silly packumentCache full:https://registry.npmjs.org/for-each cache-miss
1548 http cache https://registry.npmjs.org/dunder-proto 18ms (cache hit)
1549 silly packumentCache full:https://registry.npmjs.org/dunder-proto set size:8256 disposed:false
1550 silly fetch manifest reflect.getprototypeof@^1.0.9
1551 silly packumentCache full:https://registry.npmjs.org/reflect.getprototypeof cache-miss
1552 http cache https://registry.npmjs.org/side-channel 19ms (cache hit)
1553 silly packumentCache full:https://registry.npmjs.org/side-channel set size:27650 disposed:false
1554 silly fetch manifest for-each@^0.3.5
1555 silly packumentCache full:https://registry.npmjs.org/for-each cache-miss
1556 http cache https://registry.npmjs.org/dunder-proto 19ms (cache hit)
1557 silly packumentCache full:https://registry.npmjs.org/dunder-proto set size:8256 disposed:false
1558 silly packumentCache full:https://registry.npmjs.org/dunder-proto dispose
1559 silly fetch manifest possible-typed-array-names@^1.1.0
1560 silly packumentCache full:https://registry.npmjs.org/possible-typed-array-names cache-hit
1561 silly fetch manifest reflect.getprototypeof@^1.0.10
1562 silly packumentCache full:https://registry.npmjs.org/reflect.getprototypeof cache-miss
1563 http cache https://registry.npmjs.org/set-function-name 12ms (cache hit)
1564 silly packumentCache full:https://registry.npmjs.org/set-function-name set size:13766 disposed:false
1565 silly fetch manifest has-bigints@^1.0.2
1566 silly packumentCache full:https://registry.npmjs.org/has-bigints cache-miss
1567 http cache https://registry.npmjs.org/for-each 7ms (cache hit)
1568 silly packumentCache full:https://registry.npmjs.org/for-each set size:14327 disposed:false
1569 silly fetch manifest which-boxed-primitive@^1.1.1
1570 silly packumentCache full:https://registry.npmjs.org/which-boxed-primitive cache-miss
1571 http cache https://registry.npmjs.org/isarray 12ms (cache hit)
1572 silly packumentCache full:https://registry.npmjs.org/isarray set size:17392 disposed:false
1573 silly fetch manifest for-each@^0.3.5
1574 silly packumentCache full:https://registry.npmjs.org/for-each cache-hit
1575 http cache https://registry.npmjs.org/dunder-proto 9ms (cache hit)
1576 silly packumentCache full:https://registry.npmjs.org/dunder-proto set size:8256 disposed:true
1577 silly packumentCache full:https://registry.npmjs.org/dunder-proto dispose
1578 http cache https://registry.npmjs.org/isarray 11ms (cache hit)
1579 silly packumentCache full:https://registry.npmjs.org/isarray set size:17392 disposed:false
1580 silly packumentCache full:https://registry.npmjs.org/isarray dispose
1581 http cache https://registry.npmjs.org/for-each 8ms (cache hit)
1582 silly packumentCache full:https://registry.npmjs.org/for-each set size:14327 disposed:false
1583 silly packumentCache full:https://registry.npmjs.org/for-each dispose
1584 http cache https://registry.npmjs.org/for-each 8ms (cache hit)
1585 silly packumentCache full:https://registry.npmjs.org/for-each set size:14327 disposed:true
1586 silly packumentCache full:https://registry.npmjs.org/for-each dispose
1587 http cache https://registry.npmjs.org/reflect.getprototypeof 9ms (cache hit)
1588 silly packumentCache full:https://registry.npmjs.org/reflect.getprototypeof set size:44083 disposed:false
1589 http cache https://registry.npmjs.org/reflect.getprototypeof 8ms (cache hit)
1590 silly packumentCache full:https://registry.npmjs.org/reflect.getprototypeof set size:44083 disposed:false
1591 silly packumentCache full:https://registry.npmjs.org/reflect.getprototypeof dispose
1592 http cache https://registry.npmjs.org/which-boxed-primitive 5ms (cache hit)
1593 silly packumentCache full:https://registry.npmjs.org/which-boxed-primitive set size:19407 disposed:false
1594 http cache https://registry.npmjs.org/has-bigints 5ms (cache hit)
1595 silly packumentCache full:https://registry.npmjs.org/has-bigints set size:14176 disposed:false
1596 silly placeDep ROOT possible-typed-array-names@1.1.0 OK for: available-typed-arrays@1.0.7 want: ^1.0.0
1597 silly placeDep ROOT has-tostringtag@1.0.2 OK for: es-set-tostringtag@2.1.0 want: ^1.0.2
1598 silly placeDep ROOT es-abstract-get@1.0.0 OK for: es-to-primitive@1.3.4 want: ^1.0.0
1599 silly placeDep ROOT is-date-object@1.1.0 OK for: es-to-primitive@1.3.4 want: ^1.1.0
1600 silly placeDep ROOT is-symbol@1.1.1 OK for: es-to-primitive@1.3.4 want: ^1.1.1
1601 silly placeDep node_modules/eslint-module-utils debug@3.2.7 OK for: eslint-module-utils@2.14.0 want: ^3.2.7
1602 silly placeDep ROOT aria-query@5.3.2 OK for: eslint-plugin-jsx-a11y@6.10.2 want: ^5.3.2
1603 silly placeDep ROOT ast-types-flow@0.0.8 OK for: eslint-plugin-jsx-a11y@6.10.2 want: ^0.0.8
1604 silly placeDep ROOT axe-core@4.12.1 OK for: eslint-plugin-jsx-a11y@6.10.2 want: ^4.10.0
1605 silly placeDep ROOT axobject-query@4.1.0 OK for: eslint-plugin-jsx-a11y@6.10.2 want: ^4.1.0
1606 silly placeDep ROOT damerau-levenshtein@1.0.8 OK for: eslint-plugin-jsx-a11y@6.10.2 want: ^1.0.8
1607 silly placeDep ROOT emoji-regex@9.2.2 OK for: eslint-plugin-jsx-a11y@6.10.2 want: ^9.2.2
1608 silly placeDep ROOT jsx-ast-utils@3.3.5 OK for: eslint-plugin-jsx-a11y@6.10.2 want: ^3.3.5
1609 silly placeDep ROOT language-tags@1.0.9 OK for: eslint-plugin-jsx-a11y@6.10.2 want: ^1.0.9
1610 silly placeDep ROOT string.prototype.includes@2.0.1 OK for: eslint-plugin-jsx-a11y@6.10.2 want: ^2.0.1
1611 silly fetch manifest language-subtag-registry@^0.3.20
1612 silly packumentCache full:https://registry.npmjs.org/language-subtag-registry cache-miss
1613 http cache https://registry.npmjs.org/language-subtag-registry 3ms (cache hit)
1614 silly packumentCache full:https://registry.npmjs.org/language-subtag-registry set size:46437 disposed:false
1615 silly placeDep ROOT array.prototype.findlast@1.2.5 OK for: eslint-plugin-react@7.37.5 want: ^1.2.5
1616 silly placeDep ROOT array.prototype.tosorted@1.1.4 OK for: eslint-plugin-react@7.37.5 want: ^1.1.4
1617 silly placeDep node_modules/eslint-plugin-react doctrine@2.1.0 OK for: eslint-plugin-react@7.37.5 want: ^2.1.0
1618 silly placeDep ROOT es-iterator-helpers@1.4.0 OK for: eslint-plugin-react@7.37.5 want: ^1.2.1
1619 silly placeDep ROOT estraverse@5.3.0 OK for: eslint-plugin-react@7.37.5 want: ^5.3.0
1620 silly placeDep ROOT object.entries@1.1.9 OK for: eslint-plugin-react@7.37.5 want: ^1.1.9
1621 silly placeDep ROOT prop-types@15.8.1 OK for: eslint-plugin-react@7.37.5 want: ^15.8.1
1622 silly placeDep node_modules/eslint-plugin-react semver@6.3.1 OK for: eslint-plugin-react@7.37.5 want: ^6.3.1
1623 silly placeDep ROOT string.prototype.matchall@4.0.12 OK for: eslint-plugin-react@7.37.5 want: ^4.0.12
1624 silly placeDep ROOT string.prototype.repeat@1.0.0 OK for: eslint-plugin-react@7.37.5 want: ^1.0.0
1625 silly fetch manifest iterator.prototype@^1.1.5
1626 silly packumentCache full:https://registry.npmjs.org/iterator.prototype cache-miss
1627 silly fetch manifest loose-envify@^1.4.0
1628 silly packumentCache full:https://registry.npmjs.org/loose-envify cache-hit
1629 silly fetch manifest object-assign@^4.1.1
1630 silly packumentCache full:https://registry.npmjs.org/object-assign cache-miss
1631 silly fetch manifest react-is@^16.13.1
1632 silly packumentCache full:https://registry.npmjs.org/react-is cache-miss
1633 http cache https://registry.npmjs.org/object-assign 3ms (cache hit)
1634 silly packumentCache full:https://registry.npmjs.org/object-assign set size:28988 disposed:false
1635 http cache https://registry.npmjs.org/iterator.prototype 4ms (cache hit)
1636 silly packumentCache full:https://registry.npmjs.org/iterator.prototype set size:26870 disposed:false
1637 http cache https://registry.npmjs.org/react-is 10ms (cache hit)
1638 silly packumentCache full:https://registry.npmjs.org/react-is set size:5529930 disposed:false
1639 silly placeDep ROOT iterator.prototype@1.1.5 OK for: es-iterator-helpers@1.4.0 want: ^1.1.5
1640 silly placeDep ROOT esrecurse@4.3.0 OK for: eslint-scope@7.2.2 want: ^4.3.0
1641 silly placeDep ROOT acorn@8.18.0 OK for: espree@9.6.1 want: ^8.9.0
1642 silly placeDep ROOT acorn-jsx@5.3.2 OK for: espree@9.6.1 want: ^5.3.2
1643 silly placeDep ROOT reusify@1.1.0 OK for: fastq@1.20.1 want: ^1.0.4
1644 silly placeDep ROOT flat-cache@3.2.0 OK for: file-entry-cache@6.0.1 want: ^3.0.4
1645 silly fetch manifest keyv@^4.5.3
1646 silly packumentCache full:https://registry.npmjs.org/keyv cache-miss
1647 silly fetch manifest rimraf@^3.0.2
1648 silly packumentCache full:https://registry.npmjs.org/rimraf cache-miss
1649 silly fetch manifest flatted@^3.2.9
1650 silly packumentCache full:https://registry.npmjs.org/flatted cache-miss
1651 http cache https://registry.npmjs.org/rimraf 4ms (cache hit)
1652 silly packumentCache full:https://registry.npmjs.org/rimraf set size:212626 disposed:false
1653 http cache https://registry.npmjs.org/keyv 6ms (cache hit)
1654 silly packumentCache full:https://registry.npmjs.org/keyv set size:224095 disposed:false
1655 http cache https://registry.npmjs.org/flatted 9ms (cache hit)
1656 silly packumentCache full:https://registry.npmjs.org/flatted set size:140231 disposed:false
1657 silly placeDep ROOT locate-path@6.0.0 OK for: find-up@5.0.0 want: ^6.0.0
1658 silly placeDep ROOT path-exists@4.0.0 OK for: find-up@5.0.0 want: ^4.0.0
1659 silly fetch manifest p-locate@^5.0.0
1660 silly packumentCache full:https://registry.npmjs.org/p-locate cache-miss
1661 http cache https://registry.npmjs.org/p-locate 2ms (cache hit)
1662 silly packumentCache full:https://registry.npmjs.org/p-locate set size:22488 disposed:false
1663 silly placeDep ROOT flatted@3.4.3 OK for: flat-cache@3.2.0 want: ^3.2.9
1664 silly placeDep ROOT keyv@4.5.4 OK for: flat-cache@3.2.0 want: ^4.5.3
1665 silly placeDep ROOT rimraf@3.0.2 OK for: flat-cache@3.2.0 want: ^3.0.2
1666 silly fetch manifest json-buffer@3.0.1
1667 silly packumentCache full:https://registry.npmjs.org/json-buffer cache-miss
1668 silly fetch manifest glob@^7.1.3
1669 silly packumentCache full:https://registry.npmjs.org/glob cache-hit
1670 http cache https://registry.npmjs.org/json-buffer 3ms (cache hit)
1671 silly packumentCache full:https://registry.npmjs.org/json-buffer set size:23474 disposed:false
1672 silly placeDep ROOT functions-have-names@1.2.3 OK for: function.prototype.name@1.2.0 want: ^1.2.3
1673 silly placeDep ROOT is-document.all@1.0.0 OK for: function.prototype.name@1.2.0 want: ^1.0.0
1674 silly placeDep ROOT dunder-proto@1.0.1 OK for: get-proto@1.0.1 want: ^1.0.1
1675 silly placeDep ROOT resolve-pkg-maps@1.0.0 OK for: get-tsconfig@4.14.0 want: ^1.0.0
1676 silly placeDep ROOT foreground-child@3.3.1 OK for: glob@10.3.10 want: ^3.1.0
1677 silly placeDep ROOT jackspeak@2.3.6 OK for: glob@10.3.10 want: ^2.3.5
1678 silly placeDep node_modules/glob minimatch@9.0.9 OK for: glob@10.3.10 want: ^9.0.1
1679 silly placeDep ROOT minipass@7.1.3 OK for: glob@10.3.10 want: ^5.0.0 || ^6.0.2 || ^7.0.0
1680 silly placeDep ROOT path-scurry@1.11.1 OK for: glob@10.3.10 want: ^1.10.1
1681 silly fetch manifest signal-exit@^4.0.1
1682 silly packumentCache full:https://registry.npmjs.org/signal-exit cache-miss
1683 silly fetch manifest @isaacs/cliui@^8.0.2
1684 silly packumentCache full:https://registry.npmjs.org/@isaacs%2fcliui cache-miss
1685 silly fetch manifest @pkgjs/parseargs@^0.11.0
1686 silly packumentCache full:https://registry.npmjs.org/@pkgjs%2fparseargs cache-miss
1687 silly fetch manifest brace-expansion@^2.0.2
1688 silly packumentCache full:https://registry.npmjs.org/brace-expansion cache-hit
1689 silly fetch manifest lru-cache@^10.2.0
1690 silly packumentCache full:https://registry.npmjs.org/lru-cache cache-miss
1691 http cache https://registry.npmjs.org/@isaacs%2fcliui 4ms (cache hit)
1692 silly packumentCache full:https://registry.npmjs.org/@isaacs%2fcliui set size:12263 disposed:false
1693 http cache https://registry.npmjs.org/signal-exit 5ms (cache hit)
1694 silly packumentCache full:https://registry.npmjs.org/signal-exit set size:53489 disposed:false
1695 http cache https://registry.npmjs.org/@pkgjs%2fparseargs 5ms (cache hit)
1696 silly packumentCache full:https://registry.npmjs.org/@pkgjs%2fparseargs set size:51085 disposed:false
1697 http cache https://registry.npmjs.org/lru-cache 6ms (cache hit)
1698 silly packumentCache full:https://registry.npmjs.org/lru-cache set size:460407 disposed:false
1699 silly placeDep ROOT signal-exit@4.1.0 OK for: foreground-child@3.3.1 want: ^4.0.1
1700 silly placeDep ROOT type-fest@0.20.2 OK for: globals@13.24.0 want: ^0.20.2
1701 silly placeDep ROOT parent-module@1.0.1 OK for: import-fresh@3.3.1 want: ^1.0.0
1702 silly placeDep ROOT resolve-from@4.0.0 OK for: import-fresh@3.3.1 want: ^4.0.0
1703 silly fetch manifest callsites@^3.0.0
1704 silly packumentCache full:https://registry.npmjs.org/callsites cache-miss
1705 http cache https://registry.npmjs.org/callsites 2ms (cache hit)
1706 silly packumentCache full:https://registry.npmjs.org/callsites set size:21349 disposed:false
1707 silly placeDep ROOT side-channel@1.1.1 OK for: internal-slot@1.1.0 want: ^1.1.0
1708 silly fetch manifest side-channel-list@^1.0.1
1709 silly packumentCache full:https://registry.npmjs.org/side-channel-list cache-miss
1710 silly fetch manifest side-channel-map@^1.0.1
1711 silly packumentCache full:https://registry.npmjs.org/side-channel-map cache-miss
1712 silly fetch manifest side-channel-weakmap@^1.0.2
1713 silly packumentCache full:https://registry.npmjs.org/side-channel-weakmap cache-miss
1714 http cache https://registry.npmjs.org/side-channel-list 2ms (cache hit)
1715 silly packumentCache full:https://registry.npmjs.org/side-channel-list set size:9021 disposed:false
1716 http cache https://registry.npmjs.org/side-channel-weakmap 2ms (cache hit)
1717 silly packumentCache full:https://registry.npmjs.org/side-channel-weakmap set size:12620 disposed:false
1718 http cache https://registry.npmjs.org/side-channel-map 3ms (cache hit)
1719 silly packumentCache full:https://registry.npmjs.org/side-channel-map set size:9126 disposed:false
1720 silly placeDep ROOT is-extglob@2.1.1 OK for: is-glob@4.0.3 want: ^2.1.1
1721 silly placeDep ROOT set-function-name@2.0.2 OK for: iterator.prototype@1.1.5 want: ^2.0.2
1722 silly placeDep ROOT @isaacs/cliui@8.0.2 OK for: jackspeak@2.3.6 want: ^8.0.2
1723 silly placeDep ROOT @pkgjs/parseargs@0.11.0 OK for: jackspeak@2.3.6 want: ^0.11.0
1724 silly fetch manifest wrap-ansi@^8.1.0
1725 silly packumentCache full:https://registry.npmjs.org/wrap-ansi cache-miss
1726 silly fetch manifest strip-ansi@^7.0.1
1727 silly packumentCache full:https://registry.npmjs.org/strip-ansi cache-hit
1728 silly fetch manifest string-width@^5.1.2
1729 silly packumentCache full:https://registry.npmjs.org/string-width cache-miss
1730 silly fetch manifest wrap-ansi-cjs@npm:wrap-ansi@^7.0.0
1731 silly packumentCache full:https://registry.npmjs.org/wrap-ansi cache-miss
1732 silly fetch manifest strip-ansi-cjs@npm:strip-ansi@^6.0.1
1733 silly packumentCache full:https://registry.npmjs.org/strip-ansi cache-hit
1734 silly fetch manifest string-width-cjs@npm:string-width@^4.2.0
1735 silly packumentCache full:https://registry.npmjs.org/string-width cache-miss
1736 http cache https://registry.npmjs.org/wrap-ansi 3ms (cache hit)
1737 silly packumentCache full:https://registry.npmjs.org/wrap-ansi set size:55299 disposed:false
1738 http cache https://registry.npmjs.org/string-width 4ms (cache hit)
1739 silly packumentCache full:https://registry.npmjs.org/string-width set size:72458 disposed:false
1740 http cache https://registry.npmjs.org/string-width 4ms (cache hit)
1741 silly packumentCache full:https://registry.npmjs.org/string-width set size:72458 disposed:false
1742 silly packumentCache full:https://registry.npmjs.org/string-width dispose
1743 http cache https://registry.npmjs.org/wrap-ansi 6ms (cache hit)
1744 silly packumentCache full:https://registry.npmjs.org/wrap-ansi set size:55299 disposed:false
1745 silly packumentCache full:https://registry.npmjs.org/wrap-ansi dispose
1746 silly placeDep ROOT string-width@5.1.2 OK for: @isaacs/cliui@8.0.2 want: ^5.1.2
1747 silly placeDep ROOT string-width-cjs@4.2.3 OK for: @isaacs/cliui@8.0.2 want: npm:string-width@^4.2.0
1748 silly placeDep node_modules/@isaacs/cliui strip-ansi@7.2.0 OK for: @isaacs/cliui@8.0.2 want: ^7.0.1
1749 silly placeDep ROOT strip-ansi-cjs@6.0.1 OK for: @isaacs/cliui@8.0.2 want: npm:strip-ansi@^6.0.1
1750 silly placeDep ROOT wrap-ansi@8.1.0 OK for: @isaacs/cliui@8.0.2 want: ^8.1.0
1751 silly placeDep ROOT wrap-ansi-cjs@7.0.0 OK for: @isaacs/cliui@8.0.2 want: npm:wrap-ansi@^7.0.0
1752 silly fetch manifest eastasianwidth@^0.2.0
1753 silly packumentCache full:https://registry.npmjs.org/eastasianwidth cache-miss
1754 silly fetch manifest emoji-regex@^8.0.0
1755 silly packumentCache full:https://registry.npmjs.org/emoji-regex cache-hit
1756 silly fetch manifest is-fullwidth-code-point@^3.0.0
1757 silly packumentCache full:https://registry.npmjs.org/is-fullwidth-code-point cache-miss
1758 silly fetch manifest ansi-regex@^6.2.2
1759 silly packumentCache full:https://registry.npmjs.org/ansi-regex cache-hit
1760 silly fetch manifest ansi-styles@^6.1.0
1761 silly packumentCache full:https://registry.npmjs.org/ansi-styles cache-hit
1762 silly fetch manifest string-width@^4.1.0
1763 silly packumentCache full:https://registry.npmjs.org/string-width cache-hit
1764 http cache https://registry.npmjs.org/eastasianwidth 3ms (cache hit)
1765 silly packumentCache full:https://registry.npmjs.org/eastasianwidth set size:7890 disposed:false
1766 http cache https://registry.npmjs.org/is-fullwidth-code-point 3ms (cache hit)
1767 silly packumentCache full:https://registry.npmjs.org/is-fullwidth-code-point set size:14578 disposed:false
1768 silly placeDep ROOT argparse@2.0.1 OK for: js-yaml@4.3.0 want: ^2.0.1
1769 silly placeDep ROOT json-buffer@3.0.1 OK for: keyv@4.5.4 want: 3.0.1
1770 silly placeDep ROOT language-subtag-registry@0.3.23 OK for: language-tags@1.0.9 want: ^0.3.20
1771 silly placeDep ROOT prelude-ls@1.2.1 OK for: levn@0.4.1 want: ^1.2.1
1772 silly placeDep ROOT type-check@0.4.0 OK for: levn@0.4.1 want: ~0.4.0
1773 silly placeDep ROOT p-locate@5.0.0 OK for: locate-path@6.0.0 want: ^5.0.0
1774 silly fetch manifest p-limit@^3.0.2
1775 silly packumentCache full:https://registry.npmjs.org/p-limit cache-miss
1776 http cache https://registry.npmjs.org/p-limit 2ms (cache hit)
1777 silly packumentCache full:https://registry.npmjs.org/p-limit set size:63850 disposed:false
1778 silly placeDep ROOT brace-expansion@1.1.16 OK for: minimatch@3.1.5 want: ^1.1.7
1779 silly fetch manifest concat-map@0.0.1
1780 silly packumentCache full:https://registry.npmjs.org/concat-map cache-miss
1781 silly fetch manifest balanced-match@^1.0.0
1782 silly packumentCache full:https://registry.npmjs.org/balanced-match cache-miss
1783 http cache https://registry.npmjs.org/concat-map 6ms (cache hit)
1784 silly packumentCache full:https://registry.npmjs.org/concat-map set size:9290 disposed:false
1785 http cache https://registry.npmjs.org/balanced-match 7ms (cache hit)
1786 silly packumentCache full:https://registry.npmjs.org/balanced-match set size:39082 disposed:false
1787 silly placeDep ROOT balanced-match@1.0.2 OK for: brace-expansion@1.1.16 want: ^1.0.0
1788 silly placeDep ROOT concat-map@0.0.1 OK for: brace-expansion@1.1.16 want: 0.0.1
1789 silly placeDep ROOT @next/env@14.2.35 OK for: next@14.2.35 want: 14.2.35
1790 silly placeDep ROOT @next/swc-darwin-arm64@14.2.33 OK for: next@14.2.35 want: 14.2.33
1791 silly placeDep ROOT @next/swc-darwin-x64@14.2.33 OK for: next@14.2.35 want: 14.2.33
1792 silly placeDep ROOT @next/swc-linux-arm64-gnu@14.2.33 OK for: next@14.2.35 want: 14.2.33
1793 silly placeDep ROOT @next/swc-linux-arm64-musl@14.2.33 OK for: next@14.2.35 want: 14.2.33
1794 silly placeDep ROOT @next/swc-linux-x64-gnu@14.2.33 OK for: next@14.2.35 want: 14.2.33
1795 silly placeDep ROOT @next/swc-linux-x64-musl@14.2.33 OK for: next@14.2.35 want: 14.2.33
1796 silly placeDep ROOT @next/swc-win32-arm64-msvc@14.2.33 OK for: next@14.2.35 want: 14.2.33
1797 silly placeDep ROOT @next/swc-win32-ia32-msvc@14.2.33 OK for: next@14.2.35 want: 14.2.33
1798 silly placeDep ROOT @next/swc-win32-x64-msvc@14.2.33 OK for: next@14.2.35 want: 14.2.33
1799 silly placeDep ROOT @swc/helpers@0.5.5 OK for: next@14.2.35 want: 0.5.5
1800 silly placeDep ROOT busboy@1.6.0 OK for: next@14.2.35 want: 1.6.0
1801 silly placeDep ROOT caniuse-lite@1.0.30001806 OK for: next@14.2.35 want: ^1.0.30001579
1802 silly placeDep ROOT graceful-fs@4.2.11 OK for: next@14.2.35 want: ^4.2.11
1803 silly placeDep ROOT postcss@8.4.31 OK for: next@14.2.35 want: 8.4.31
1804 silly placeDep ROOT styled-jsx@5.1.1 OK for: next@14.2.35 want: 5.1.1
1805 silly fetch manifest @swc/counter@^0.1.3
1806 silly packumentCache full:https://registry.npmjs.org/@swc%2fcounter cache-miss
1807 silly fetch manifest streamsearch@^1.1.0
1808 silly packumentCache full:https://registry.npmjs.org/streamsearch cache-miss
1809 silly fetch manifest nanoid@^3.3.6
1810 silly packumentCache full:https://registry.npmjs.org/nanoid cache-miss
1811 silly fetch manifest picocolors@^1.0.0
1812 silly packumentCache full:https://registry.npmjs.org/picocolors cache-miss
1813 silly fetch manifest source-map-js@^1.0.2
1814 silly packumentCache full:https://registry.npmjs.org/source-map-js cache-miss
1815 silly fetch manifest client-only@0.0.1
1816 silly packumentCache full:https://registry.npmjs.org/client-only cache-miss
1817 http cache https://registry.npmjs.org/picocolors 2ms (cache hit)
1818 silly packumentCache full:https://registry.npmjs.org/picocolors set size:16648 disposed:false
1819 http cache https://registry.npmjs.org/source-map-js 3ms (cache hit)
1820 silly packumentCache full:https://registry.npmjs.org/source-map-js set size:62640 disposed:false
1821 http cache https://registry.npmjs.org/nanoid 5ms (cache hit)
1822 silly packumentCache full:https://registry.npmjs.org/nanoid set size:335912 disposed:false
1823 http cache https://registry.npmjs.org/streamsearch 8ms (cache hit)
1824 silly packumentCache full:https://registry.npmjs.org/streamsearch set size:27372 disposed:false
1825 http cache https://registry.npmjs.org/client-only 7ms (cache hit)
1826 silly packumentCache full:https://registry.npmjs.org/client-only set size:2750 disposed:false
1827 http cache https://registry.npmjs.org/@swc%2fcounter 9ms (cache hit)
1828 silly packumentCache full:https://registry.npmjs.org/@swc%2fcounter set size:7199 disposed:false
1829 silly placeDep ROOT @swc/counter@0.1.3 OK for: @swc/helpers@0.5.5 want: ^0.1.3
1830 silly placeDep ROOT streamsearch@1.1.0 OK for: busboy@1.6.0 want: ^1.1.0
1831 silly placeDep ROOT deep-is@0.1.4 OK for: optionator@0.9.4 want: ^0.1.3
1832 silly placeDep ROOT fast-levenshtein@2.0.6 OK for: optionator@0.9.4 want: ^2.0.6
1833 silly placeDep ROOT word-wrap@1.2.5 OK for: optionator@0.9.4 want: ^1.2.5
1834 silly placeDep ROOT p-limit@3.1.0 OK for: p-locate@5.0.0 want: ^3.0.2
1835 silly fetch manifest yocto-queue@^0.1.0
1836 silly packumentCache full:https://registry.npmjs.org/yocto-queue cache-miss
1837 http cache https://registry.npmjs.org/yocto-queue 3ms (cache hit)
1838 silly packumentCache full:https://registry.npmjs.org/yocto-queue set size:20256 disposed:false
1839 silly placeDep ROOT yocto-queue@0.1.0 OK for: p-limit@3.1.0 want: ^0.1.0
1840 silly placeDep ROOT callsites@3.1.0 OK for: parent-module@1.0.1 want: ^3.0.0
1841 silly placeDep ROOT lru-cache@10.4.3 OK for: path-scurry@1.11.1 want: ^10.2.0
1842 silly placeDep ROOT nanoid@3.3.16 OK for: postcss@8.4.31 want: ^3.3.6
1843 silly placeDep ROOT picocolors@1.1.1 OK for: postcss@8.4.31 want: ^1.0.0
1844 silly placeDep ROOT source-map-js@1.2.1 OK for: postcss@8.4.31 want: ^1.0.2
1845 silly placeDep ROOT loose-envify@1.4.0 OK for: prop-types@15.8.1 want: ^1.4.0
1846 silly placeDep ROOT object-assign@4.1.1 OK for: prop-types@15.8.1 want: ^4.1.1
1847 silly placeDep ROOT react-is@16.13.1 OK for: prop-types@15.8.1 want: ^16.13.1
1848 silly fetch manifest js-tokens@^3.0.0 || ^4.0.0
1849 silly packumentCache full:https://registry.npmjs.org/js-tokens cache-miss
1850 http cache https://registry.npmjs.org/js-tokens 1ms (cache hit)
1851 silly packumentCache full:https://registry.npmjs.org/js-tokens set size:41947 disposed:false
1852 silly placeDep ROOT js-tokens@4.0.0 OK for: loose-envify@1.4.0 want: ^3.0.0 || ^4.0.0
1853 silly placeDep ROOT scheduler@0.23.2 OK for: react-dom@18.3.1 want: ^0.23.2
1854 silly placeDep ROOT node-exports-info@1.6.2 OK for: resolve@2.0.0-next.7 want: ^1.6.0
1855 silly placeDep ROOT path-parse@1.0.7 OK for: resolve@2.0.0-next.7 want: ^1.0.7
1856 silly placeDep ROOT supports-preserve-symlinks-flag@1.0.0 OK for: resolve@2.0.0-next.7 want: ^1.0.0
1857 silly placeDep node_modules/node-exports-info semver@6.3.1 OK for: node-exports-info@1.6.2 want: ^6.3.1
1858 silly placeDep node_modules/rimraf glob@7.2.3 OK for: rimraf@3.0.2 want: ^7.1.3
1859 silly fetch manifest once@^1.3.0
1860 silly packumentCache full:https://registry.npmjs.org/once cache-miss
1861 silly fetch manifest inflight@^1.0.4
1862 silly packumentCache full:https://registry.npmjs.org/inflight cache-miss
1863 silly fetch manifest inherits@2
1864 silly packumentCache full:https://registry.npmjs.org/inherits cache-miss
1865 silly fetch manifest fs.realpath@^1.0.0
1866 silly packumentCache full:https://registry.npmjs.org/fs.realpath cache-miss
1867 silly fetch manifest path-is-absolute@^1.0.0
1868 silly packumentCache full:https://registry.npmjs.org/path-is-absolute cache-miss
1869 http cache https://registry.npmjs.org/once 3ms (cache hit)
1870 silly packumentCache full:https://registry.npmjs.org/once set size:11752 disposed:false
1871 http cache https://registry.npmjs.org/inherits 4ms (cache hit)
1872 silly packumentCache full:https://registry.npmjs.org/inherits set size:12925 disposed:false
1873 http cache https://registry.npmjs.org/fs.realpath 4ms (cache hit)
1874 silly packumentCache full:https://registry.npmjs.org/fs.realpath set size:4806 disposed:false
1875 http cache https://registry.npmjs.org/path-is-absolute 4ms (cache hit)
1876 silly packumentCache full:https://registry.npmjs.org/path-is-absolute set size:8253 disposed:false
1877 http cache https://registry.npmjs.org/inflight 4ms (cache hit)
1878 silly packumentCache full:https://registry.npmjs.org/inflight set size:13140 disposed:false
1879 silly placeDep ROOT queue-microtask@1.2.3 OK for: run-parallel@1.2.0 want: ^1.2.2
1880 silly placeDep ROOT isarray@2.0.5 OK for: safe-array-concat@1.1.4 want: ^2.0.5
1881 silly placeDep ROOT shebang-regex@3.0.0 OK for: shebang-command@2.0.0 want: ^3.0.0
1882 silly placeDep ROOT side-channel-list@1.0.1 OK for: side-channel@1.1.1 want: ^1.0.1
1883 silly placeDep ROOT side-channel-map@1.0.1 OK for: side-channel@1.1.1 want: ^1.0.1
1884 silly placeDep ROOT side-channel-weakmap@1.0.2 OK for: side-channel@1.1.1 want: ^1.0.2
1885 silly placeDep ROOT eastasianwidth@0.2.0 OK for: string-width@5.1.2 want: ^0.2.0
1886 silly placeDep node_modules/string-width strip-ansi@7.2.0 OK for: string-width@5.1.2 want: ^7.0.1
1887 silly placeDep node_modules/string-width-cjs emoji-regex@8.0.0 OK for: string-width@4.2.3 want: ^8.0.0
1888 silly placeDep ROOT is-fullwidth-code-point@3.0.0 OK for: string-width@4.2.3 want: ^3.0.0
1889 silly placeDep ROOT ansi-regex@5.0.1 OK for: strip-ansi@6.0.1 want: ^5.0.1
1890 silly placeDep ROOT client-only@0.0.1 OK for: styled-jsx@5.1.1 want: 0.0.1
1891 silly placeDep ROOT has-flag@4.0.0 OK for: supports-color@7.2.0 want: ^4.0.0
1892 silly placeDep ROOT fdir@6.5.0 OK for: tinyglobby@0.2.17 want: ^6.5.0
1893 silly placeDep ROOT picomatch@4.0.5 OK for: tinyglobby@0.2.17 want: ^4.0.4
1894 silly placeDep ROOT @types/json5@0.0.29 OK for: tsconfig-paths@3.15.0 want: ^0.0.29
1895 silly placeDep ROOT json5@1.0.2 OK for: tsconfig-paths@3.15.0 want: ^1.0.2
1896 silly placeDep ROOT minimist@1.2.8 OK for: tsconfig-paths@3.15.0 want: ^1.2.6
1897 silly placeDep ROOT strip-bom@3.0.0 OK for: tsconfig-paths@3.15.0 want: ^3.0.0
1898 silly fetch manifest minimist@^1.2.0
1899 silly packumentCache full:https://registry.npmjs.org/minimist cache-hit
1900 silly placeDep ROOT for-each@0.3.5 OK for: typed-array-byte-length@1.0.3 want: ^0.3.3
1901 silly placeDep ROOT reflect.getprototypeof@1.0.10 OK for: typed-array-byte-offset@1.0.4 want: ^1.0.9
1902 silly fetch manifest which-builtin-type@^1.2.1
1903 silly packumentCache full:https://registry.npmjs.org/which-builtin-type cache-miss
1904 http cache https://registry.npmjs.org/which-builtin-type 1ms (cache hit)
1905 silly packumentCache full:https://registry.npmjs.org/which-builtin-type set size:39107 disposed:false
1906 silly placeDep ROOT which-builtin-type@1.2.1 OK for: reflect.getprototypeof@1.0.10 want: ^1.2.1
1907 silly fetch manifest is-async-function@^2.0.0
1908 silly packumentCache full:https://registry.npmjs.org/is-async-function cache-miss
1909 silly fetch manifest is-finalizationregistry@^1.1.0
1910 silly packumentCache full:https://registry.npmjs.org/is-finalizationregistry cache-miss
1911 silly fetch manifest is-generator-function@^1.0.10
1912 silly packumentCache full:https://registry.npmjs.org/is-generator-function cache-miss
1913 silly fetch manifest which-boxed-primitive@^1.1.0
1914 silly packumentCache full:https://registry.npmjs.org/which-boxed-primitive cache-hit
1915 silly fetch manifest which-collection@^1.0.2
1916 silly packumentCache full:https://registry.npmjs.org/which-collection cache-miss
1917 http cache https://registry.npmjs.org/which-collection 3ms (cache hit)
1918 silly packumentCache full:https://registry.npmjs.org/which-collection set size:13607 disposed:false
1919 http cache https://registry.npmjs.org/is-async-function 4ms (cache hit)
1920 silly packumentCache full:https://registry.npmjs.org/is-async-function set size:51614 disposed:false
1921 http cache https://registry.npmjs.org/is-generator-function 5ms (cache hit)
1922 silly packumentCache full:https://registry.npmjs.org/is-generator-function set size:44643 disposed:false
1923 http cache https://registry.npmjs.org/is-finalizationregistry 5ms (cache hit)
1924 silly packumentCache full:https://registry.npmjs.org/is-finalizationregistry set size:19800 disposed:false
1925 silly placeDep ROOT has-bigints@1.1.0 OK for: unbox-primitive@1.1.0 want: ^1.0.2
1926 silly placeDep ROOT which-boxed-primitive@1.1.1 OK for: unbox-primitive@1.1.0 want: ^1.1.1
1927 silly fetch manifest is-bigint@^1.1.0
1928 silly packumentCache full:https://registry.npmjs.org/is-bigint cache-miss
1929 silly fetch manifest is-boolean-object@^1.2.1
1930 silly packumentCache full:https://registry.npmjs.org/is-boolean-object cache-miss
1931 silly fetch manifest is-number-object@^1.1.1
1932 silly packumentCache full:https://registry.npmjs.org/is-number-object cache-miss
1933 http cache https://registry.npmjs.org/is-number-object 2ms (cache hit)
1934 silly packumentCache full:https://registry.npmjs.org/is-number-object set size:31189 disposed:false
1935 http cache https://registry.npmjs.org/is-bigint 3ms (cache hit)
1936 silly packumentCache full:https://registry.npmjs.org/is-bigint set size:20283 disposed:false
1937 http cache https://registry.npmjs.org/is-boolean-object 2ms (cache hit)
1938 silly packumentCache full:https://registry.npmjs.org/is-boolean-object set size:31341 disposed:false
1939 silly placeDep ROOT @unrs/resolver-binding-android-arm-eabi@1.12.2 OK for: unrs-resolver@1.12.2 want: 1.12.2
1940 silly placeDep ROOT @unrs/resolver-binding-android-arm64@1.12.2 OK for: unrs-resolver@1.12.2 want: 1.12.2
1941 silly placeDep ROOT @unrs/resolver-binding-darwin-arm64@1.12.2 OK for: unrs-resolver@1.12.2 want: 1.12.2
1942 silly placeDep ROOT @unrs/resolver-binding-darwin-x64@1.12.2 OK for: unrs-resolver@1.12.2 want: 1.12.2
1943 silly placeDep ROOT @unrs/resolver-binding-freebsd-x64@1.12.2 OK for: unrs-resolver@1.12.2 want: 1.12.2
1944 silly placeDep ROOT @unrs/resolver-binding-linux-arm-gnueabihf@1.12.2 OK for: unrs-resolver@1.12.2 want: 1.12.2
1945 silly placeDep ROOT @unrs/resolver-binding-linux-arm-musleabihf@1.12.2 OK for: unrs-resolver@1.12.2 want: 1.12.2
1946 silly placeDep ROOT @unrs/resolver-binding-linux-arm64-gnu@1.12.2 OK for: unrs-resolver@1.12.2 want: 1.12.2
1947 silly placeDep ROOT @unrs/resolver-binding-linux-arm64-musl@1.12.2 OK for: unrs-resolver@1.12.2 want: 1.12.2
1948 silly placeDep ROOT @unrs/resolver-binding-linux-loong64-gnu@1.12.2 OK for: unrs-resolver@1.12.2 want: 1.12.2
1949 silly placeDep ROOT @unrs/resolver-binding-linux-loong64-musl@1.12.2 OK for: unrs-resolver@1.12.2 want: 1.12.2
1950 silly placeDep ROOT @unrs/resolver-binding-linux-ppc64-gnu@1.12.2 OK for: unrs-resolver@1.12.2 want: 1.12.2
1951 silly placeDep ROOT @unrs/resolver-binding-linux-riscv64-gnu@1.12.2 OK for: unrs-resolver@1.12.2 want: 1.12.2
1952 silly placeDep ROOT @unrs/resolver-binding-linux-riscv64-musl@1.12.2 OK for: unrs-resolver@1.12.2 want: 1.12.2
1953 silly placeDep ROOT @unrs/resolver-binding-linux-s390x-gnu@1.12.2 OK for: unrs-resolver@1.12.2 want: 1.12.2
1954 silly placeDep ROOT @unrs/resolver-binding-linux-x64-gnu@1.12.2 OK for: unrs-resolver@1.12.2 want: 1.12.2
1955 silly placeDep ROOT @unrs/resolver-binding-linux-x64-musl@1.12.2 OK for: unrs-resolver@1.12.2 want: 1.12.2
1956 silly placeDep ROOT @unrs/resolver-binding-openharmony-arm64@1.12.2 OK for: unrs-resolver@1.12.2 want: 1.12.2
1957 silly placeDep ROOT @unrs/resolver-binding-wasm32-wasi@1.12.2 OK for: unrs-resolver@1.12.2 want: 1.12.2
1958 silly placeDep ROOT @unrs/resolver-binding-win32-arm64-msvc@1.12.2 OK for: unrs-resolver@1.12.2 want: 1.12.2
1959 silly placeDep ROOT @unrs/resolver-binding-win32-ia32-msvc@1.12.2 OK for: unrs-resolver@1.12.2 want: 1.12.2
1960 silly placeDep ROOT @unrs/resolver-binding-win32-x64-msvc@1.12.2 OK for: unrs-resolver@1.12.2 want: 1.12.2
1961 silly placeDep ROOT napi-postinstall@0.3.4 OK for: unrs-resolver@1.12.2 want: ^0.3.4
1962 silly fetch manifest @napi-rs/wasm-runtime@^1.1.4
1963 silly packumentCache full:https://registry.npmjs.org/@napi-rs%2fwasm-runtime cache-miss
1964 silly fetch manifest @emnapi/core@1.10.0
1965 silly packumentCache full:https://registry.npmjs.org/@emnapi%2fcore cache-miss
1966 silly fetch manifest @emnapi/runtime@1.10.0
1967 silly packumentCache full:https://registry.npmjs.org/@emnapi%2fruntime cache-miss
1968 http cache https://registry.npmjs.org/@napi-rs%2fwasm-runtime 3ms (cache hit)
1969 silly packumentCache full:https://registry.npmjs.org/@napi-rs%2fwasm-runtime set size:76486 disposed:false
1970 http cache https://registry.npmjs.org/@emnapi%2fruntime 3ms (cache hit)
1971 silly packumentCache full:https://registry.npmjs.org/@emnapi%2fruntime set size:122916 disposed:false
1972 http cache https://registry.npmjs.org/@emnapi%2fcore 4ms (cache hit)
1973 silly packumentCache full:https://registry.npmjs.org/@emnapi%2fcore set size:121716 disposed:false
1974 silly placeDep ROOT @emnapi/core@1.10.0 OK for: @unrs/resolver-binding-wasm32-wasi@1.12.2 want: 1.10.0
1975 silly placeDep ROOT @emnapi/runtime@1.10.0 OK for: @unrs/resolver-binding-wasm32-wasi@1.12.2 want: 1.10.0
1976 silly placeDep ROOT @napi-rs/wasm-runtime@1.1.6 OK for: @unrs/resolver-binding-wasm32-wasi@1.12.2 want: ^1.1.4
1977 silly fetch manifest @emnapi/wasi-threads@1.2.1
1978 silly packumentCache full:https://registry.npmjs.org/@emnapi%2fwasi-threads cache-miss
1979 silly fetch manifest @tybys/wasm-util@^0.10.3
1980 silly packumentCache full:https://registry.npmjs.org/@tybys%2fwasm-util cache-miss
1981 http cache https://registry.npmjs.org/@emnapi%2fwasi-threads 2ms (cache hit)
1982 silly packumentCache full:https://registry.npmjs.org/@emnapi%2fwasi-threads set size:27058 disposed:false
1983 http cache https://registry.npmjs.org/@tybys%2fwasm-util 3ms (cache hit)
1984 silly packumentCache full:https://registry.npmjs.org/@tybys%2fwasm-util set size:60108 disposed:false
1985 silly placeDep ROOT @emnapi/wasi-threads@1.2.1 OK for: @emnapi/core@1.10.0 want: 1.2.1
1986 silly placeDep ROOT @tybys/wasm-util@0.10.3 OK for: @napi-rs/wasm-runtime@1.1.6 want: ^0.10.3
1987 silly placeDep ROOT punycode@2.3.1 OK for: uri-js@4.4.1 want: ^2.1.0
1988 silly placeDep ROOT isexe@2.0.0 OK for: which@2.0.2 want: ^2.0.0
1989 silly placeDep ROOT is-bigint@1.1.0 OK for: which-boxed-primitive@1.1.1 want: ^1.1.0
1990 silly placeDep ROOT is-boolean-object@1.2.2 OK for: which-boxed-primitive@1.1.1 want: ^1.2.1
1991 silly placeDep ROOT is-number-object@1.1.1 OK for: which-boxed-primitive@1.1.1 want: ^1.1.1
1992 silly placeDep ROOT is-async-function@2.1.1 OK for: which-builtin-type@1.2.1 want: ^2.0.0
1993 silly placeDep ROOT is-finalizationregistry@1.1.1 OK for: which-builtin-type@1.2.1 want: ^1.1.0
1994 silly placeDep ROOT is-generator-function@1.1.2 OK for: which-builtin-type@1.2.1 want: ^1.0.10
1995 silly placeDep ROOT which-collection@1.0.2 OK for: which-builtin-type@1.2.1 want: ^1.0.2
1996 silly fetch manifest async-function@^1.0.0
1997 silly packumentCache full:https://registry.npmjs.org/async-function cache-miss
1998 silly fetch manifest generator-function@^2.0.0
1999 silly packumentCache full:https://registry.npmjs.org/generator-function cache-miss
2000 silly fetch manifest is-map@^2.0.3
2001 silly packumentCache full:https://registry.npmjs.org/is-map cache-miss
2002 silly fetch manifest is-weakmap@^2.0.2
2003 silly packumentCache full:https://registry.npmjs.org/is-weakmap cache-miss
2004 silly fetch manifest is-weakset@^2.0.3
2005 silly packumentCache full:https://registry.npmjs.org/is-weakset cache-miss
2006 http cache https://registry.npmjs.org/is-weakmap 4ms (cache hit)
2007 silly packumentCache full:https://registry.npmjs.org/is-weakmap set size:15163 disposed:false
2008 http cache https://registry.npmjs.org/generator-function 5ms (cache hit)
2009 silly packumentCache full:https://registry.npmjs.org/generator-function set size:10401 disposed:false
2010 http cache https://registry.npmjs.org/async-function 5ms (cache hit)
2011 silly packumentCache full:https://registry.npmjs.org/async-function set size:7150 disposed:false
2012 http cache https://registry.npmjs.org/is-map 5ms (cache hit)
2013 silly packumentCache full:https://registry.npmjs.org/is-map set size:18079 disposed:false
2014 http cache https://registry.npmjs.org/is-weakset 5ms (cache hit)
2015 silly packumentCache full:https://registry.npmjs.org/is-weakset set size:21965 disposed:false
2016 silly placeDep ROOT async-function@1.0.0 OK for: is-async-function@2.1.1 want: ^1.0.0
2017 silly placeDep ROOT generator-function@2.0.1 OK for: is-generator-function@1.1.2 want: ^2.0.0
2018 silly placeDep ROOT is-map@2.0.3 OK for: which-collection@1.0.2 want: ^2.0.3
2019 silly placeDep ROOT is-weakmap@2.0.2 OK for: which-collection@1.0.2 want: ^2.0.2
2020 silly placeDep ROOT is-weakset@2.0.4 OK for: which-collection@1.0.2 want: ^2.0.3
2021 silly placeDep node_modules/wrap-ansi ansi-styles@6.2.3 OK for: wrap-ansi@8.1.0 want: ^6.1.0
2022 silly placeDep node_modules/wrap-ansi strip-ansi@7.2.0 OK for: wrap-ansi@8.1.0 want: ^7.0.1
2023 silly placeDep node_modules/wrap-ansi-cjs string-width@4.2.3 OK for: wrap-ansi@7.0.0 want: ^4.1.0
2024 silly placeDep node_modules/@isaacs/cliui ansi-regex@6.2.2 OK for: strip-ansi@7.2.0 want: ^6.2.2
2025 silly placeDep node_modules/@typescript-eslint/typescript-estree brace-expansion@5.0.8 OK for: minimatch@10.2.6 want: ^5.0.8
2026 silly fetch manifest balanced-match@^4.0.2
2027 silly packumentCache full:https://registry.npmjs.org/balanced-match cache-hit
2028 silly placeDep node_modules/@typescript-eslint/typescript-estree balanced-match@4.0.4 OK for: brace-expansion@5.0.8 want: ^4.0.2
2029 silly placeDep node_modules/glob brace-expansion@2.1.2 OK for: minimatch@9.0.9 want: ^2.0.2
2030 silly placeDep ROOT fs.realpath@1.0.0 OK for: glob@7.2.3 want: ^1.0.0
2031 silly placeDep ROOT inflight@1.0.6 OK for: glob@7.2.3 want: ^1.0.4
2032 silly placeDep ROOT inherits@2.0.4 OK for: glob@7.2.3 want: 2
2033 silly placeDep ROOT once@1.4.0 OK for: glob@7.2.3 want: ^1.3.0
2034 silly placeDep ROOT path-is-absolute@1.0.1 OK for: glob@7.2.3 want: ^1.0.0
2035 silly fetch manifest wrappy@1
2036 silly packumentCache full:https://registry.npmjs.org/wrappy cache-miss
2037 silly fetch manifest wrappy@1
2038 silly packumentCache full:https://registry.npmjs.org/wrappy cache-miss
2039 http cache https://registry.npmjs.org/wrappy 4ms (cache hit)
2040 silly packumentCache full:https://registry.npmjs.org/wrappy set size:7682 disposed:false
2041 http cache https://registry.npmjs.org/wrappy 4ms (cache hit)
2042 silly packumentCache full:https://registry.npmjs.org/wrappy set size:7682 disposed:false
2043 silly packumentCache full:https://registry.npmjs.org/wrappy dispose
2044 silly placeDep ROOT wrappy@1.0.2 OK for: inflight@1.0.6 want: 1
2045 silly placeDep node_modules/string-width ansi-regex@6.2.2 OK for: strip-ansi@7.2.0 want: ^6.2.2
2046 silly placeDep node_modules/wrap-ansi-cjs emoji-regex@8.0.0 OK for: string-width@4.2.3 want: ^8.0.0
2047 silly placeDep node_modules/wrap-ansi ansi-regex@6.2.2 OK for: strip-ansi@7.2.0 want: ^6.2.2
2048 silly reify moves {}
2049 silly audit bulk request {
2049 silly audit   '@supabase/supabase-js': [ '2.110.9' ],
2049 silly audit   '@types/node': [ '20.19.43' ],
2049 silly audit   '@types/react': [ '18.3.31' ],
2049 silly audit   '@types/react-dom': [ '18.3.7' ],
2049 silly audit   eslint: [ '8.57.1' ],
2049 silly audit   'eslint-config-next': [ '14.2.35' ],
2049 silly audit   next: [ '14.2.35' ],
2049 silly audit   react: [ '18.3.1' ],
2049 silly audit   'react-dom': [ '18.3.1' ],
2049 silly audit   typescript: [ '5.9.3' ],
2049 silly audit   '@supabase/auth-js': [ '2.110.9' ],
2049 silly audit   '@supabase/functions-js': [ '2.110.9' ],
2049 silly audit   '@supabase/postgrest-js': [ '2.110.9' ],
2049 silly audit   '@supabase/realtime-js': [ '2.110.9' ],
2049 silly audit   '@supabase/storage-js': [ '2.110.9' ],
2049 silly audit   tslib: [ '2.8.1' ],
2049 silly audit   '@supabase/phoenix': [ '0.4.5' ],
2049 silly audit   'iceberg-js': [ '0.8.1' ],
2049 silly audit   'undici-types': [ '6.21.0' ],
2049 silly audit   '@types/prop-types': [ '15.7.15' ],
2049 silly audit   csstype: [ '3.2.3' ],
2049 silly audit   '@eslint-community/eslint-utils': [ '4.10.1' ],
2049 silly audit   '@eslint-community/regexpp': [ '4.12.2' ],
2049 silly audit   '@eslint/eslintrc': [ '2.1.4' ],
2049 silly audit   '@eslint/js': [ '8.57.1' ],
2049 silly audit   '@humanwhocodes/config-array': [ '0.13.0' ],
2049 silly audit   '@humanwhocodes/module-importer': [ '1.0.1' ],
2049 silly audit   '@nodelib/fs.walk': [ '1.2.8' ],
2049 silly audit   '@ungap/structured-clone': [ '1.3.3' ],
2049 silly audit   ajv: [ '6.15.0' ],
2049 silly audit   chalk: [ '4.1.2' ],
2049 silly audit   'cross-spawn': [ '7.0.6' ],
2049 silly audit   debug: [ '4.4.3', '3.2.7' ],
2049 silly audit   doctrine: [ '3.0.0', '2.1.0' ],
2049 silly audit   'escape-string-regexp': [ '4.0.0' ],
2049 silly audit   'eslint-scope': [ '7.2.2' ],
2049 silly audit   'eslint-visitor-keys': [ '3.4.3', '5.0.1' ],
2049 silly audit   espree: [ '9.6.1' ],
2049 silly audit   esquery: [ '1.7.0' ],
2049 silly audit   esutils: [ '2.0.3' ],
2049 silly audit   'fast-deep-equal': [ '3.1.3' ],
2049 silly audit   'file-entry-cache': [ '6.0.1' ],
2049 silly audit   'find-up': [ '5.0.0' ],
2049 silly audit   'glob-parent': [ '6.0.2' ],
2049 silly audit   globals: [ '13.24.0' ],
2049 silly audit   graphemer: [ '1.4.0' ],
2049 silly audit   ignore: [ '5.3.2', '7.0.6' ],
2049 silly audit   imurmurhash: [ '0.1.4' ],
2049 silly audit   'is-glob': [ '4.0.3' ],
2049 silly audit   'is-path-inside': [ '3.0.3' ],
2049 silly audit   'js-yaml': [ '4.3.0' ],
2049 silly audit   'json-stable-stringify-without-jsonify': [ '1.0.1' ],
2049 silly audit   levn: [ '0.4.1' ],
2049 silly audit   'lodash.merge': [ '4.6.2' ],
2049 silly audit   minimatch: [ '3.1.5', '10.2.6', '9.0.9' ],
2049 silly audit   'natural-compare': [ '1.4.0' ],
2049 silly audit   optionator: [ '0.9.4' ],
2049 silly audit   'strip-ansi': [ '6.0.1', '7.2.0' ],
2049 silly audit   'text-table': [ '0.2.0' ],
2049 silly audit   'import-fresh': [ '3.3.1' ],
2049 silly audit   'strip-json-comments': [ '3.1.1' ],
2049 silly audit   '@humanwhocodes/object-schema': [ '2.0.3' ],
2049 silly audit   '@nodelib/fs.scandir': [ '2.1.5' ],
2049 silly audit   fastq: [ '1.20.1' ],
2049 silly audit   '@nodelib/fs.stat': [ '2.0.5' ],
2049 silly audit   'run-parallel': [ '1.2.0' ],
2049 silly audit   'fast-json-stable-stringify': [ '2.1.0' ],
2049 silly audit   'json-schema-traverse': [ '0.4.1' ],
2049 silly audit   'uri-js': [ '4.4.1' ],
2049 silly audit   'ansi-styles': [ '4.3.0', '6.2.3' ],
2049 silly audit   'supports-color': [ '7.2.0' ],
2049 silly audit   'color-convert': [ '2.0.1' ],
2049 silly audit   'color-name': [ '1.1.4' ],
2049 silly audit   'path-key': [ '3.1.1' ],
2049 silly audit   'shebang-command': [ '2.0.0' ],
2049 silly audit   which: [ '2.0.2' ],
2049 silly audit   ms: [ '2.1.3' ],
2049 silly audit   '@next/eslint-plugin-next': [ '14.2.35' ],
2049 silly audit   '@rushstack/eslint-patch': [ '1.16.1' ],
2049 silly audit   '@typescript-eslint/eslint-plugin': [ '8.65.0' ],
2049 silly audit   '@typescript-eslint/parser': [ '8.65.0' ],
2049 silly audit   'eslint-import-resolver-node': [ '0.3.10' ],
2049 silly audit   'eslint-import-resolver-typescript': [ '3.10.1' ],
2049 silly audit   'eslint-plugin-import': [ '2.32.0' ],
2049 silly audit   'eslint-plugin-jsx-a11y': [ '6.10.2' ],
2049 silly audit   'eslint-plugin-react': [ '7.37.5' ],
2049 silly audit   'eslint-plugin-react-hooks': [ '5.0.0-canary-7118f5dd7-20230705' ],
2049 silly audit   glob: [ '10.3.10', '7.2.3' ],
2049 silly audit   '@typescript-eslint/scope-manager': [ '8.65.0' ],
2049 silly audit   '@typescript-eslint/type-utils': [ '8.65.0' ],
2049 silly audit   '@typescript-eslint/utils': [ '8.65.0' ],
2049 silly audit   '@typescript-eslint/visitor-keys': [ '8.65.0' ],
2049 silly audit   'ts-api-utils': [ '2.5.0' ],
2049 silly audit   '@typescript-eslint/types': [ '8.65.0' ],
2049 silly audit   '@typescript-eslint/typescript-estree': [ '8.65.0' ],
2049 silly audit   '@typescript-eslint/project-service': [ '8.65.0' ],
2049 silly audit   '@typescript-eslint/tsconfig-utils': [ '8.65.0' ],
2049 silly audit   semver: [ '7.8.5', '6.3.1' ],
2049 silly audit   tinyglobby: [ '0.2.17' ],
2049 silly audit   'is-core-module': [ '2.16.2' ],
2049 silly audit   resolve: [ '2.0.0-next.7' ],
2049 silly audit   '@nolyfill/is-core-module': [ '1.0.39' ],
2049 silly audit   'get-tsconfig': [ '4.14.0' ],
2049 silly audit   'is-bun-module': [ '2.0.0' ],
2049 silly audit   'stable-hash': [ '0.0.5' ],
2049 silly audit   'unrs-resolver': [ '1.12.2' ],
2049 silly audit   '@rtsao/scc': [ '1.1.0' ],
2049 silly audit   'array-includes': [ '3.1.9' ],
2049 silly audit   'array.prototype.findlastindex': [ '1.2.6' ],
2049 silly audit   'array.prototype.flat': [ '1.3.3' ],
2049 silly audit   'array.prototype.flatmap': [ '1.3.3' ],
2049 silly audit   'eslint-module-utils': [ '2.14.0' ],
2049 silly audit   hasown: [ '2.0.4' ],
2049 silly audit   'object.fromentries': [ '2.0.8' ],
2049 silly audit   'object.groupby': [ '1.0.3' ],
2049 silly audit   'object.values': [ '1.2.1' ],
2049 silly audit   'string.prototype.trimend': [ '1.0.10' ],
2049 silly audit   'tsconfig-paths': [ '3.15.0' ],
2049 silly audit   'call-bind': [ '1.0.9' ],
2049 silly audit   'call-bound': [ '1.0.4' ],
2049 silly audit   'define-properties': [ '1.2.1' ],
2049 silly audit   'es-abstract': [ '1.24.2' ],
2049 silly audit   'es-object-atoms': [ '1.1.2' ],
2049 silly audit   'get-intrinsic': [ '1.3.0' ],
2049 silly audit   'is-string': [ '1.1.1' ],
2049 silly audit   'math-intrinsics': [ '1.1.0' ],
2049 silly audit   'es-errors': [ '1.3.0' ],
2049 silly audit   'es-shim-unscopables': [ '1.1.0' ],
2049 silly audit   'call-bind-apply-helpers': [ '1.0.2' ],
2049 silly audit   'es-define-property': [ '1.0.1' ],
2049 silly audit   'set-function-length': [ '1.2.2' ],
2049 silly audit   'function-bind': [ '1.1.2' ],
2049 silly audit   'define-data-property': [ '1.1.4' ],
2049 silly audit   'has-property-descriptors': [ '1.0.2' ],
2049 silly audit   'object-keys': [ '1.1.1' ],
2049 silly audit   gopd: [ '1.2.0' ],
2049 silly audit   'array-buffer-byte-length': [ '1.0.2' ],
2049 silly audit   'arraybuffer.prototype.slice': [ '1.0.4' ],
2049 silly audit   'available-typed-arrays': [ '1.0.7' ],
2049 silly audit   'data-view-buffer': [ '1.0.2' ],
2049 silly audit   'data-view-byte-length': [ '1.0.2' ],
2049 silly audit   'data-view-byte-offset': [ '1.0.1' ],
2049 silly audit   'es-set-tostringtag': [ '2.1.0' ],
2049 silly audit   'es-to-primitive': [ '1.3.4' ],
2049 silly audit   'function.prototype.name': [ '1.2.0' ],
2049 silly audit   'get-proto': [ '1.0.1' ],
2049 silly audit   'get-symbol-description': [ '1.1.0' ],
2049 silly audit   globalthis: [ '1.0.4' ],
2049 silly audit   'has-proto': [ '1.2.0' ],
2049 silly audit   'has-symbols': [ '1.1.0' ],
2049 silly audit   'internal-slot': [ '1.1.0' ],
2049 silly audit   'is-array-buffer': [ '3.0.5' ],
2049 silly audit   'is-callable': [ '1.2.7' ],
2049 silly audit   'is-data-view': [ '1.0.2' ],
2049 silly audit   'is-negative-zero': [ '2.0.3' ],
2049 silly audit   'is-regex': [ '1.2.1' ],
2049 silly audit   'is-set': [ '2.0.3' ],
2049 silly audit   'is-shared-array-buffer': [ '1.0.4' ],
2049 silly audit   'is-typed-array': [ '1.1.15' ],
2049 silly audit   'is-weakref': [ '1.1.1' ],
2049 silly audit   'object-inspect': [ '1.13.4' ],
2049 silly audit   'object.assign': [ '4.1.7' ],
2049 silly audit   'own-keys': [ '1.0.2' ],
2049 silly audit   'regexp.prototype.flags': [ '1.5.4' ],
2049 silly audit   'safe-array-concat': [ '1.1.4' ],
2049 silly audit   'safe-push-apply': [ '1.0.0' ],
2049 silly audit   'safe-regex-test': [ '1.1.0' ],
2049 silly audit   'set-proto': [ '1.0.0' ],
2049 silly audit   'stop-iteration-iterator': [ '1.1.0' ],
2049 silly audit   'string.prototype.trim': [ '1.2.11' ],
2049 silly audit   'string.prototype.trimstart': [ '1.0.8' ],
2049 silly audit   'typed-array-buffer': [ '1.0.3' ],
2049 silly audit   'typed-array-byte-length': [ '1.0.3' ],
2049 silly audit   'typed-array-byte-offset': [ '1.0.4' ],
2049 silly audit   'typed-array-length': [ '1.0.8' ],
2049 silly audit   'unbox-primitive': [ '1.1.0' ],
2049 silly audit   'which-typed-array': [ '1.1.22' ],
2049 silly audit   'possible-typed-array-names': [ '1.1.0' ],
2049 silly audit   'has-tostringtag': [ '1.0.2' ],
2049 silly audit   'es-abstract-get': [ '1.0.0' ],
2049 silly audit   'is-date-object': [ '1.1.0' ],
2049 silly audit   'is-symbol': [ '1.1.1' ],
2049 silly audit   'aria-query': [ '5.3.2' ],
2049 silly audit   'ast-types-flow': [ '0.0.8' ],
2049 silly audit   'axe-core': [ '4.12.1' ],
2049 silly audit   'axobject-query': [ '4.1.0' ],
2049 silly audit   'damerau-levenshtein': [ '1.0.8' ],
2049 silly audit   'emoji-regex': [ '9.2.2', '8.0.0' ],
2049 silly audit   'jsx-ast-utils': [ '3.3.5' ],
2049 silly audit   'language-tags': [ '1.0.9' ],
2049 silly audit   'string.prototype.includes': [ '2.0.1' ],
2049 silly audit   'array.prototype.findlast': [ '1.2.5' ],
2049 silly audit   'array.prototype.tosorted': [ '1.1.4' ],
2049 silly audit   'es-iterator-helpers': [ '1.4.0' ],
2049 silly audit   estraverse: [ '5.3.0' ],
2049 silly audit   'object.entries': [ '1.1.9' ],
2049 silly audit   'prop-types': [ '15.8.1' ],
2049 silly audit   'string.prototype.matchall': [ '4.0.12' ],
2049 silly audit   'string.prototype.repeat': [ '1.0.0' ],
2049 silly audit   'iterator.prototype': [ '1.1.5' ],
2049 silly audit   esrecurse: [ '4.3.0' ],
2049 silly audit   acorn: [ '8.18.0' ],
2049 silly audit   'acorn-jsx': [ '5.3.2' ],
2049 silly audit   reusify: [ '1.1.0' ],
2049 silly audit   'flat-cache': [ '3.2.0' ],
2049 silly audit   'locate-path': [ '6.0.0' ],
2049 silly audit   'path-exists': [ '4.0.0' ],
2049 silly audit   flatted: [ '3.4.3' ],
2049 silly audit   keyv: [ '4.5.4' ],
2049 silly audit   rimraf: [ '3.0.2' ],
2049 silly audit   'functions-have-names': [ '1.2.3' ],
2049 silly audit   'is-document.all': [ '1.0.0' ],
2049 silly audit   'dunder-proto': [ '1.0.1' ],
2049 silly audit   'resolve-pkg-maps': [ '1.0.0' ],
2049 silly audit   'foreground-child': [ '3.3.1' ],
2049 silly audit   jackspeak: [ '2.3.6' ],
2049 silly audit   minipass: [ '7.1.3' ],
2049 silly audit   'path-scurry': [ '1.11.1' ],
2049 silly audit   'signal-exit': [ '4.1.0' ],
2049 silly audit   'type-fest': [ '0.20.2' ],
2049 silly audit   'parent-module': [ '1.0.1' ],
2049 silly audit   'resolve-from': [ '4.0.0' ],
2049 silly audit   'side-channel': [ '1.1.1' ],
2049 silly audit   'is-extglob': [ '2.1.1' ],
2049 silly audit   'set-function-name': [ '2.0.2' ],
2049 silly audit   '@isaacs/cliui': [ '8.0.2' ],
2049 silly audit   '@pkgjs/parseargs': [ '0.11.0' ],
2049 silly audit   'string-width': [ '5.1.2', '4.2.3' ],
2049 silly audit   'wrap-ansi': [ '8.1.0', '7.0.0' ],
2049 silly audit   argparse: [ '2.0.1' ],
2049 silly audit   'json-buffer': [ '3.0.1' ],
2049 silly audit   'language-subtag-registry': [ '0.3.23' ],
2049 silly audit   'prelude-ls': [ '1.2.1' ],
2049 silly audit   'type-check': [ '0.4.0' ],
2049 silly audit   'p-locate': [ '5.0.0' ],
2049 silly audit   'brace-expansion': [ '1.1.16', '5.0.8', '2.1.2' ],
2049 silly audit   'balanced-match': [ '1.0.2', '4.0.4' ],
2049 silly audit   'concat-map': [ '0.0.1' ],
2049 silly audit   '@next/env': [ '14.2.35' ],
2049 silly audit   '@next/swc-darwin-arm64': [ '14.2.33' ],
2049 silly audit   '@next/swc-darwin-x64': [ '14.2.33' ],
2049 silly audit   '@next/swc-linux-arm64-gnu': [ '14.2.33' ],
2049 silly audit   '@next/swc-linux-arm64-musl': [ '14.2.33' ],
2049 silly audit   '@next/swc-linux-x64-gnu': [ '14.2.33' ],
2049 silly audit   '@next/swc-linux-x64-musl': [ '14.2.33' ],
2049 silly audit   '@next/swc-win32-arm64-msvc': [ '14.2.33' ],
2049 silly audit   '@next/swc-win32-ia32-msvc': [ '14.2.33' ],
2049 silly audit   '@next/swc-win32-x64-msvc': [ '14.2.33' ],
2049 silly audit   '@swc/helpers': [ '0.5.5' ],
2049 silly audit   busboy: [ '1.6.0' ],
2049 silly audit   'caniuse-lite': [ '1.0.30001806' ],
2049 silly audit   'graceful-fs': [ '4.2.11' ],
2049 silly audit   postcss: [ '8.4.31' ],
2049 silly audit   'styled-jsx': [ '5.1.1' ],
2049 silly audit   '@swc/counter': [ '0.1.3' ],
2049 silly audit   streamsearch: [ '1.1.0' ],
2049 silly audit   'deep-is': [ '0.1.4' ],
2049 silly audit   'fast-levenshtein': [ '2.0.6' ],
2049 silly audit   'word-wrap': [ '1.2.5' ],
2049 silly audit   'p-limit': [ '3.1.0' ],
2049 silly audit   'yocto-queue': [ '0.1.0' ],
2049 silly audit   callsites: [ '3.1.0' ],
2049 silly audit   'lru-cache': [ '10.4.3' ],
2049 silly audit   nanoid: [ '3.3.16' ],
2049 silly audit   picocolors: [ '1.1.1' ],
2049 silly audit   'source-map-js': [ '1.2.1' ],
2049 silly audit   'loose-envify': [ '1.4.0' ],
2049 silly audit   'object-assign': [ '4.1.1' ],
2049 silly audit   'react-is': [ '16.13.1' ],
2049 silly audit   'js-tokens': [ '4.0.0' ],
2049 silly audit   scheduler: [ '0.23.2' ],
2049 silly audit   'node-exports-info': [ '1.6.2' ],
2049 silly audit   'path-parse': [ '1.0.7' ],
2049 silly audit   'supports-preserve-symlinks-flag': [ '1.0.0' ],
2049 silly audit   'queue-microtask': [ '1.2.3' ],
2049 silly audit   isarray: [ '2.0.5' ],
2049 silly audit   'shebang-regex': [ '3.0.0' ],
2049 silly audit   'side-channel-list': [ '1.0.1' ],
2049 silly audit   'side-channel-map': [ '1.0.1' ],
2049 silly audit   'side-channel-weakmap': [ '1.0.2' ],
2049 silly audit   eastasianwidth: [ '0.2.0' ],
2049 silly audit   'is-fullwidth-code-point': [ '3.0.0' ],
2049 silly audit   'ansi-regex': [ '5.0.1', '6.2.2' ],
2049 silly audit   'client-only': [ '0.0.1' ],
2049 silly audit   'has-flag': [ '4.0.0' ],
2049 silly audit   fdir: [ '6.5.0' ],
2049 silly audit   picomatch: [ '4.0.5' ],
2049 silly audit   '@types/json5': [ '0.0.29' ],
2049 silly audit   json5: [ '1.0.2' ],
2049 silly audit   minimist: [ '1.2.8' ],
2049 silly audit   'strip-bom': [ '3.0.0' ],
2049 silly audit   'for-each': [ '0.3.5' ],
2049 silly audit   'reflect.getprototypeof': [ '1.0.10' ],
2049 silly audit   'which-builtin-type': [ '1.2.1' ],
2049 silly audit   'has-bigints': [ '1.1.0' ],
2049 silly audit   'which-boxed-primitive': [ '1.1.1' ],
2049 silly audit   '@unrs/resolver-binding-android-arm-eabi': [ '1.12.2' ],
2049 silly audit   '@unrs/resolver-binding-android-arm64': [ '1.12.2' ],
2049 silly audit   '@unrs/resolver-binding-darwin-arm64': [ '1.12.2' ],
2049 silly audit   '@unrs/resolver-binding-darwin-x64': [ '1.12.2' ],
2049 silly audit   '@unrs/resolver-binding-freebsd-x64': [ '1.12.2' ],
2049 silly audit   '@unrs/resolver-binding-linux-arm-gnueabihf': [ '1.12.2' ],
2049 silly audit   '@unrs/resolver-binding-linux-arm-musleabihf': [ '1.12.2' ],
2049 silly audit   '@unrs/resolver-binding-linux-arm64-gnu': [ '1.12.2' ],
2049 silly audit   '@unrs/resolver-binding-linux-arm64-musl': [ '1.12.2' ],
2049 silly audit   '@unrs/resolver-binding-linux-loong64-gnu': [ '1.12.2' ],
2049 silly audit   '@unrs/resolver-binding-linux-loong64-musl': [ '1.12.2' ],
2049 silly audit   '@unrs/resolver-binding-linux-ppc64-gnu': [ '1.12.2' ],
2049 silly audit   '@unrs/resolver-binding-linux-riscv64-gnu': [ '1.12.2' ],
2049 silly audit   '@unrs/resolver-binding-linux-riscv64-musl': [ '1.12.2' ],
2049 silly audit   '@unrs/resolver-binding-linux-s390x-gnu': [ '1.12.2' ],
2049 silly audit   '@unrs/resolver-binding-linux-x64-gnu': [ '1.12.2' ],
2049 silly audit   '@unrs/resolver-binding-linux-x64-musl': [ '1.12.2' ],
2049 silly audit   '@unrs/resolver-binding-openharmony-arm64': [ '1.12.2' ],
2049 silly audit   '@unrs/resolver-binding-wasm32-wasi': [ '1.12.2' ],
2049 silly audit   '@unrs/resolver-binding-win32-arm64-msvc': [ '1.12.2' ],
2049 silly audit   '@unrs/resolver-binding-win32-ia32-msvc': [ '1.12.2' ],
2049 silly audit   '@unrs/resolver-binding-win32-x64-msvc': [ '1.12.2' ],
2049 silly audit   'napi-postinstall': [ '0.3.4' ],
2049 silly audit   '@emnapi/core': [ '1.10.0' ],
2049 silly audit   '@emnapi/runtime': [ '1.10.0' ],
2049 silly audit   '@napi-rs/wasm-runtime': [ '1.1.6' ],
2049 silly audit   '@emnapi/wasi-threads': [ '1.2.1' ],
2049 silly audit   '@tybys/wasm-util': [ '0.10.3' ],
2049 silly audit   punycode: [ '2.3.1' ],
2049 silly audit   isexe: [ '2.0.0' ],
2049 silly audit   'is-bigint': [ '1.1.0' ],
2049 silly audit   'is-boolean-object': [ '1.2.2' ],
2049 silly audit   'is-number-object': [ '1.1.1' ],
2049 silly audit   'is-async-function': [ '2.1.1' ],
2049 silly audit   'is-finalizationregistry': [ '1.1.1' ],
2049 silly audit   'is-generator-function': [ '1.1.2' ],
2049 silly audit   'which-collection': [ '1.0.2' ],
2049 silly audit   'async-function': [ '1.0.0' ],
2049 silly audit   'generator-function': [ '2.0.1' ],
2049 silly audit   'is-map': [ '2.0.3' ],
2049 silly audit   'is-weakmap': [ '2.0.2' ],
2049 silly audit   'is-weakset': [ '2.0.4' ],
2049 silly audit   'fs.realpath': [ '1.0.0' ],
2049 silly audit   inflight: [ '1.0.6' ],
2049 silly audit   inherits: [ '2.0.4' ],
2049 silly audit   once: [ '1.4.0' ],
2049 silly audit   'path-is-absolute': [ '1.0.1' ],
2049 silly audit   wrappy: [ '1.0.2' ]
2049 silly audit }
2050 http cache wrappy@https://registry.npmjs.org/wrappy/-/wrappy-1.0.2.tgz 0ms (cache hit)
2051 http cache path-is-absolute@https://registry.npmjs.org/path-is-absolute/-/path-is-absolute-1.0.1.tgz 0ms (cache hit)
2052 http cache once@https://registry.npmjs.org/once/-/once-1.4.0.tgz 0ms (cache hit)
2053 http cache inflight@https://registry.npmjs.org/inflight/-/inflight-1.0.6.tgz 0ms (cache hit)
2054 http cache inherits@https://registry.npmjs.org/inherits/-/inherits-2.0.4.tgz 0ms (cache hit)
2055 http cache fs.realpath@https://registry.npmjs.org/fs.realpath/-/fs.realpath-1.0.0.tgz 0ms (cache hit)
2056 http cache is-weakmap@https://registry.npmjs.org/is-weakmap/-/is-weakmap-2.0.2.tgz 0ms (cache hit)
2057 http cache is-map@https://registry.npmjs.org/is-map/-/is-map-2.0.3.tgz 0ms (cache hit)
2058 http cache async-function@https://registry.npmjs.org/async-function/-/async-function-1.0.0.tgz 0ms (cache hit)
2059 http cache which-collection@https://registry.npmjs.org/which-collection/-/which-collection-1.0.2.tgz 0ms (cache hit)
2060 http cache is-generator-function@https://registry.npmjs.org/is-generator-function/-/is-generator-function-1.1.2.tgz 0ms (cache hit)
2061 http cache is-number-object@https://registry.npmjs.org/is-number-object/-/is-number-object-1.1.1.tgz 0ms (cache hit)
2062 http cache is-finalizationregistry@https://registry.npmjs.org/is-finalizationregistry/-/is-finalizationregistry-1.1.1.tgz 0ms (cache hit)
2063 http cache is-boolean-object@https://registry.npmjs.org/is-boolean-object/-/is-boolean-object-1.2.2.tgz 0ms (cache hit)
2064 http cache is-bigint@https://registry.npmjs.org/is-bigint/-/is-bigint-1.1.0.tgz 0ms (cache hit)
2065 http cache is-async-function@https://registry.npmjs.org/is-async-function/-/is-async-function-2.1.1.tgz 0ms (cache hit)
2066 http cache punycode@https://registry.npmjs.org/punycode/-/punycode-2.3.1.tgz 0ms (cache hit)
2067 http cache isexe@https://registry.npmjs.org/isexe/-/isexe-2.0.0.tgz 0ms (cache hit)
2068 http cache @unrs/resolver-binding-darwin-arm64@https://registry.npmjs.org/@unrs/resolver-binding-darwin-arm64/-/resolver-binding-darwin-arm64-1.12.2.tgz 0ms (cache hit)
2069 http cache napi-postinstall@https://registry.npmjs.org/napi-postinstall/-/napi-postinstall-0.3.4.tgz 0ms (cache hit)
2070 http cache which-boxed-primitive@https://registry.npmjs.org/which-boxed-primitive/-/which-boxed-primitive-1.1.1.tgz 0ms (cache hit)
2071 http cache has-bigints@https://registry.npmjs.org/has-bigints/-/has-bigints-1.1.0.tgz 0ms (cache hit)
2072 http cache which-builtin-type@https://registry.npmjs.org/which-builtin-type/-/which-builtin-type-1.2.1.tgz 0ms (cache hit)
2073 http cache for-each@https://registry.npmjs.org/for-each/-/for-each-0.3.5.tgz 0ms (cache hit)
2074 http cache reflect.getprototypeof@https://registry.npmjs.org/reflect.getprototypeof/-/reflect.getprototypeof-1.0.10.tgz 0ms (cache hit)
2075 http cache minimist@https://registry.npmjs.org/minimist/-/minimist-1.2.8.tgz 0ms (cache hit)
2076 http cache strip-bom@https://registry.npmjs.org/strip-bom/-/strip-bom-3.0.0.tgz 0ms (cache hit)
2077 http cache @types/json5@https://registry.npmjs.org/@types/json5/-/json5-0.0.29.tgz 0ms (cache hit)
2078 http cache picomatch@https://registry.npmjs.org/picomatch/-/picomatch-4.0.5.tgz 0ms (cache hit)
2079 http cache generator-function@https://registry.npmjs.org/generator-function/-/generator-function-2.0.1.tgz 0ms (cache hit)
2080 http cache fdir@https://registry.npmjs.org/fdir/-/fdir-6.5.0.tgz 0ms (cache hit)
2081 http cache is-weakset@https://registry.npmjs.org/is-weakset/-/is-weakset-2.0.4.tgz 0ms (cache hit)
2082 http cache json5@https://registry.npmjs.org/json5/-/json5-1.0.2.tgz 0ms (cache hit)
2083 http cache client-only@https://registry.npmjs.org/client-only/-/client-only-0.0.1.tgz 0ms (cache hit)
2084 http cache has-flag@https://registry.npmjs.org/has-flag/-/has-flag-4.0.0.tgz 0ms (cache hit)
2085 http cache ansi-regex@https://registry.npmjs.org/ansi-regex/-/ansi-regex-5.0.1.tgz 0ms (cache hit)
2086 http cache is-fullwidth-code-point@https://registry.npmjs.org/is-fullwidth-code-point/-/is-fullwidth-code-point-3.0.0.tgz 0ms (cache hit)
2087 http cache eastasianwidth@https://registry.npmjs.org/eastasianwidth/-/eastasianwidth-0.2.0.tgz 0ms (cache hit)
2088 http cache side-channel-map@https://registry.npmjs.org/side-channel-map/-/side-channel-map-1.0.1.tgz 0ms (cache hit)
2089 http cache side-channel-list@https://registry.npmjs.org/side-channel-list/-/side-channel-list-1.0.1.tgz 0ms (cache hit)
2090 http cache isarray@https://registry.npmjs.org/isarray/-/isarray-2.0.5.tgz 0ms (cache hit)
2091 http cache queue-microtask@https://registry.npmjs.org/queue-microtask/-/queue-microtask-1.2.3.tgz 0ms (cache hit)
2092 http cache supports-preserve-symlinks-flag@https://registry.npmjs.org/supports-preserve-symlinks-flag/-/supports-preserve-symlinks-flag-1.0.0.tgz 0ms (cache hit)
2093 http cache path-parse@https://registry.npmjs.org/path-parse/-/path-parse-1.0.7.tgz 0ms (cache hit)
2094 http cache scheduler@https://registry.npmjs.org/scheduler/-/scheduler-0.23.2.tgz 0ms (cache hit)
2095 http cache shebang-regex@https://registry.npmjs.org/shebang-regex/-/shebang-regex-3.0.0.tgz 0ms (cache hit)
2096 http cache js-tokens@https://registry.npmjs.org/js-tokens/-/js-tokens-4.0.0.tgz 0ms (cache hit)
2097 http cache node-exports-info@https://registry.npmjs.org/node-exports-info/-/node-exports-info-1.6.2.tgz 0ms (cache hit)
2098 http cache object-assign@https://registry.npmjs.org/object-assign/-/object-assign-4.1.1.tgz 0ms (cache hit)
2099 http cache side-channel-weakmap@https://registry.npmjs.org/side-channel-weakmap/-/side-channel-weakmap-1.0.2.tgz 0ms (cache hit)
2100 http cache react-is@https://registry.npmjs.org/react-is/-/react-is-16.13.1.tgz 0ms (cache hit)
2101 http cache loose-envify@https://registry.npmjs.org/loose-envify/-/loose-envify-1.4.0.tgz 0ms (cache hit)
2102 http cache picocolors@https://registry.npmjs.org/picocolors/-/picocolors-1.1.1.tgz 0ms (cache hit)
2103 http cache callsites@https://registry.npmjs.org/callsites/-/callsites-3.1.0.tgz 0ms (cache hit)
2104 http cache source-map-js@https://registry.npmjs.org/source-map-js/-/source-map-js-1.2.1.tgz 0ms (cache hit)
2105 http cache nanoid@https://registry.npmjs.org/nanoid/-/nanoid-3.3.16.tgz 0ms (cache hit)
2106 http cache lru-cache@https://registry.npmjs.org/lru-cache/-/lru-cache-10.4.3.tgz 0ms (cache hit)
2107 http cache yocto-queue@https://registry.npmjs.org/yocto-queue/-/yocto-queue-0.1.0.tgz 0ms (cache hit)
2108 http cache p-limit@https://registry.npmjs.org/p-limit/-/p-limit-3.1.0.tgz 0ms (cache hit)
2109 http cache deep-is@https://registry.npmjs.org/deep-is/-/deep-is-0.1.4.tgz 0ms (cache hit)
2110 http cache word-wrap@https://registry.npmjs.org/word-wrap/-/word-wrap-1.2.5.tgz 0ms (cache hit)
2111 http cache fast-levenshtein@https://registry.npmjs.org/fast-levenshtein/-/fast-levenshtein-2.0.6.tgz 0ms (cache hit)
2112 http cache streamsearch@https://registry.npmjs.org/streamsearch/-/streamsearch-1.1.0.tgz 0ms (cache hit)
2113 http cache postcss@https://registry.npmjs.org/postcss/-/postcss-8.4.31.tgz 0ms (cache hit)
2114 http cache styled-jsx@https://registry.npmjs.org/styled-jsx/-/styled-jsx-5.1.1.tgz 0ms (cache hit)
2115 http cache @swc/counter@https://registry.npmjs.org/@swc/counter/-/counter-0.1.3.tgz 0ms (cache hit)
2116 http cache graceful-fs@https://registry.npmjs.org/graceful-fs/-/graceful-fs-4.2.11.tgz 0ms (cache hit)
2117 http cache @swc/helpers@https://registry.npmjs.org/@swc/helpers/-/helpers-0.5.5.tgz 0ms (cache hit)
2118 http cache @next/env@https://registry.npmjs.org/@next/env/-/env-14.2.35.tgz 0ms (cache hit)
2119 http cache @next/swc-darwin-arm64@https://registry.npmjs.org/@next/swc-darwin-arm64/-/swc-darwin-arm64-14.2.33.tgz 0ms (cache hit)
2120 http cache busboy@https://registry.npmjs.org/busboy/-/busboy-1.6.0.tgz 0ms (cache hit)
2121 http cache concat-map@https://registry.npmjs.org/concat-map/-/concat-map-0.0.1.tgz 0ms (cache hit)
2122 http cache brace-expansion@https://registry.npmjs.org/brace-expansion/-/brace-expansion-1.1.16.tgz 0ms (cache hit)
2123 http cache balanced-match@https://registry.npmjs.org/balanced-match/-/balanced-match-1.0.2.tgz 0ms (cache hit)
2124 http cache type-check@https://registry.npmjs.org/type-check/-/type-check-0.4.0.tgz 0ms (cache hit)
2125 http cache p-locate@https://registry.npmjs.org/p-locate/-/p-locate-5.0.0.tgz 0ms (cache hit)
2126 http cache json-buffer@https://registry.npmjs.org/json-buffer/-/json-buffer-3.0.1.tgz 0ms (cache hit)
2127 http cache argparse@https://registry.npmjs.org/argparse/-/argparse-2.0.1.tgz 0ms (cache hit)
2128 http cache wrap-ansi-cjs@https://registry.npmjs.org/wrap-ansi/-/wrap-ansi-7.0.0.tgz 0ms (cache hit)
2129 http cache prelude-ls@https://registry.npmjs.org/prelude-ls/-/prelude-ls-1.2.1.tgz 0ms (cache hit)
2130 http cache caniuse-lite@https://registry.npmjs.org/caniuse-lite/-/caniuse-lite-1.0.30001806.tgz 0ms (cache hit)
2131 http cache language-subtag-registry@https://registry.npmjs.org/language-subtag-registry/-/language-subtag-registry-0.3.23.tgz 0ms (cache hit)
2132 http cache wrap-ansi@https://registry.npmjs.org/wrap-ansi/-/wrap-ansi-8.1.0.tgz 0ms (cache hit)
2133 http cache string-width-cjs@https://registry.npmjs.org/string-width/-/string-width-4.2.3.tgz 0ms (cache hit)
2134 http cache strip-ansi-cjs@https://registry.npmjs.org/strip-ansi/-/strip-ansi-6.0.1.tgz 0ms (cache hit)
2135 http cache string-width@https://registry.npmjs.org/string-width/-/string-width-5.1.2.tgz 0ms (cache hit)
2136 http cache is-extglob@https://registry.npmjs.org/is-extglob/-/is-extglob-2.1.1.tgz 0ms (cache hit)
2137 http cache set-function-name@https://registry.npmjs.org/set-function-name/-/set-function-name-2.0.2.tgz 0ms (cache hit)
2138 http cache @pkgjs/parseargs@https://registry.npmjs.org/@pkgjs/parseargs/-/parseargs-0.11.0.tgz 0ms (cache hit)
2139 http cache side-channel@https://registry.npmjs.org/side-channel/-/side-channel-1.1.1.tgz 0ms (cache hit)
2140 http cache resolve-from@https://registry.npmjs.org/resolve-from/-/resolve-from-4.0.0.tgz 0ms (cache hit)
2141 http cache signal-exit@https://registry.npmjs.org/signal-exit/-/signal-exit-4.1.0.tgz 0ms (cache hit)
2142 http cache type-fest@https://registry.npmjs.org/type-fest/-/type-fest-0.20.2.tgz 0ms (cache hit)
2143 http cache parent-module@https://registry.npmjs.org/parent-module/-/parent-module-1.0.1.tgz 0ms (cache hit)
2144 http cache path-scurry@https://registry.npmjs.org/path-scurry/-/path-scurry-1.11.1.tgz 0ms (cache hit)
2145 http cache jackspeak@https://registry.npmjs.org/jackspeak/-/jackspeak-2.3.6.tgz 0ms (cache hit)
2146 http cache foreground-child@https://registry.npmjs.org/foreground-child/-/foreground-child-3.3.1.tgz 0ms (cache hit)
2147 http cache dunder-proto@https://registry.npmjs.org/dunder-proto/-/dunder-proto-1.0.1.tgz 0ms (cache hit)
2148 http cache is-document.all@https://registry.npmjs.org/is-document.all/-/is-document.all-1.0.0.tgz 0ms (cache hit)
2149 http cache @isaacs/cliui@https://registry.npmjs.org/@isaacs/cliui/-/cliui-8.0.2.tgz 0ms (cache hit)
2150 http cache minipass@https://registry.npmjs.org/minipass/-/minipass-7.1.3.tgz 0ms (cache hit)
2151 http cache functions-have-names@https://registry.npmjs.org/functions-have-names/-/functions-have-names-1.2.3.tgz 0ms (cache hit)
2152 http cache keyv@https://registry.npmjs.org/keyv/-/keyv-4.5.4.tgz 0ms (cache hit)
2153 http cache flatted@https://registry.npmjs.org/flatted/-/flatted-3.4.3.tgz 0ms (cache hit)
2154 http cache rimraf@https://registry.npmjs.org/rimraf/-/rimraf-3.0.2.tgz 0ms (cache hit)
2155 http cache path-exists@https://registry.npmjs.org/path-exists/-/path-exists-4.0.0.tgz 0ms (cache hit)
2156 http cache locate-path@https://registry.npmjs.org/locate-path/-/locate-path-6.0.0.tgz 0ms (cache hit)
2157 http cache reusify@https://registry.npmjs.org/reusify/-/reusify-1.1.0.tgz 0ms (cache hit)
2158 http cache flat-cache@https://registry.npmjs.org/flat-cache/-/flat-cache-3.2.0.tgz 0ms (cache hit)
2159 http cache esrecurse@https://registry.npmjs.org/esrecurse/-/esrecurse-4.3.0.tgz 0ms (cache hit)
2160 http cache acorn@https://registry.npmjs.org/acorn/-/acorn-8.18.0.tgz 0ms (cache hit)
2161 http cache acorn-jsx@https://registry.npmjs.org/acorn-jsx/-/acorn-jsx-5.3.2.tgz 0ms (cache hit)
2162 http cache string.prototype.repeat@https://registry.npmjs.org/string.prototype.repeat/-/string.prototype.repeat-1.0.0.tgz 0ms (cache hit)
2163 http cache prop-types@https://registry.npmjs.org/prop-types/-/prop-types-15.8.1.tgz 0ms (cache hit)
2164 http cache string.prototype.matchall@https://registry.npmjs.org/string.prototype.matchall/-/string.prototype.matchall-4.0.12.tgz 0ms (cache hit)
2165 http cache estraverse@https://registry.npmjs.org/estraverse/-/estraverse-5.3.0.tgz 0ms (cache hit)
2166 http cache es-iterator-helpers@https://registry.npmjs.org/es-iterator-helpers/-/es-iterator-helpers-1.4.0.tgz 0ms (cache hit)
2167 http cache object.entries@https://registry.npmjs.org/object.entries/-/object.entries-1.1.9.tgz 0ms (cache hit)
2168 http cache string.prototype.includes@https://registry.npmjs.org/string.prototype.includes/-/string.prototype.includes-2.0.1.tgz 0ms (cache hit)
2169 http cache array.prototype.tosorted@https://registry.npmjs.org/array.prototype.tosorted/-/array.prototype.tosorted-1.1.4.tgz 0ms (cache hit)
2170 http cache array.prototype.findlast@https://registry.npmjs.org/array.prototype.findlast/-/array.prototype.findlast-1.2.5.tgz 0ms (cache hit)
2171 http cache language-tags@https://registry.npmjs.org/language-tags/-/language-tags-1.0.9.tgz 0ms (cache hit)
2172 http cache jsx-ast-utils@https://registry.npmjs.org/jsx-ast-utils/-/jsx-ast-utils-3.3.5.tgz 0ms (cache hit)
2173 http cache emoji-regex@https://registry.npmjs.org/emoji-regex/-/emoji-regex-9.2.2.tgz 0ms (cache hit)
2174 http cache axobject-query@https://registry.npmjs.org/axobject-query/-/axobject-query-4.1.0.tgz 0ms (cache hit)
2175 http cache axe-core@https://registry.npmjs.org/axe-core/-/axe-core-4.12.1.tgz 0ms (cache hit)
2176 http cache ast-types-flow@https://registry.npmjs.org/ast-types-flow/-/ast-types-flow-0.0.8.tgz 0ms (cache hit)
2177 http cache aria-query@https://registry.npmjs.org/aria-query/-/aria-query-5.3.2.tgz 0ms (cache hit)
2178 http cache is-symbol@https://registry.npmjs.org/is-symbol/-/is-symbol-1.1.1.tgz 0ms (cache hit)
2179 http cache is-date-object@https://registry.npmjs.org/is-date-object/-/is-date-object-1.1.0.tgz 0ms (cache hit)
2180 http cache possible-typed-array-names@https://registry.npmjs.org/possible-typed-array-names/-/possible-typed-array-names-1.1.0.tgz 0ms (cache hit)
2181 http cache damerau-levenshtein@https://registry.npmjs.org/damerau-levenshtein/-/damerau-levenshtein-1.0.8.tgz 0ms (cache hit)
2182 http cache has-tostringtag@https://registry.npmjs.org/has-tostringtag/-/has-tostringtag-1.0.2.tgz 0ms (cache hit)
2183 http cache which-typed-array@https://registry.npmjs.org/which-typed-array/-/which-typed-array-1.1.22.tgz 0ms (cache hit)
2184 http cache iterator.prototype@https://registry.npmjs.org/iterator.prototype/-/iterator.prototype-1.1.5.tgz 0ms (cache hit)
2185 http cache typed-array-length@https://registry.npmjs.org/typed-array-length/-/typed-array-length-1.0.8.tgz 0ms (cache hit)
2186 http cache unbox-primitive@https://registry.npmjs.org/unbox-primitive/-/unbox-primitive-1.1.0.tgz 0ms (cache hit)
2187 http cache string.prototype.trimstart@https://registry.npmjs.org/string.prototype.trimstart/-/string.prototype.trimstart-1.0.8.tgz 0ms (cache hit)
2188 http cache typed-array-buffer@https://registry.npmjs.org/typed-array-buffer/-/typed-array-buffer-1.0.3.tgz 0ms (cache hit)
2189 http cache typed-array-byte-offset@https://registry.npmjs.org/typed-array-byte-offset/-/typed-array-byte-offset-1.0.4.tgz 0ms (cache hit)
2190 http cache typed-array-byte-length@https://registry.npmjs.org/typed-array-byte-length/-/typed-array-byte-length-1.0.3.tgz 0ms (cache hit)
2191 http cache resolve-pkg-maps@https://registry.npmjs.org/resolve-pkg-maps/-/resolve-pkg-maps-1.0.0.tgz 0ms (cache hit)
2192 http cache set-proto@https://registry.npmjs.org/set-proto/-/set-proto-1.0.0.tgz 0ms (cache hit)
2193 http cache stop-iteration-iterator@https://registry.npmjs.org/stop-iteration-iterator/-/stop-iteration-iterator-1.1.0.tgz 0ms (cache hit)
2194 http cache safe-regex-test@https://registry.npmjs.org/safe-regex-test/-/safe-regex-test-1.1.0.tgz 1ms (cache hit)
2195 http cache string.prototype.trim@https://registry.npmjs.org/string.prototype.trim/-/string.prototype.trim-1.2.11.tgz 0ms (cache hit)
2196 http cache safe-push-apply@https://registry.npmjs.org/safe-push-apply/-/safe-push-apply-1.0.0.tgz 0ms (cache hit)
2197 http cache safe-array-concat@https://registry.npmjs.org/safe-array-concat/-/safe-array-concat-1.1.4.tgz 0ms (cache hit)
2198 http cache own-keys@https://registry.npmjs.org/own-keys/-/own-keys-1.0.2.tgz 0ms (cache hit)
2199 http cache object.assign@https://registry.npmjs.org/object.assign/-/object.assign-4.1.7.tgz 0ms (cache hit)
2200 http cache is-weakref@https://registry.npmjs.org/is-weakref/-/is-weakref-1.1.1.tgz 0ms (cache hit)
2201 http cache is-typed-array@https://registry.npmjs.org/is-typed-array/-/is-typed-array-1.1.15.tgz 0ms (cache hit)
2202 http cache object-inspect@https://registry.npmjs.org/object-inspect/-/object-inspect-1.13.4.tgz 0ms (cache hit)
2203 http cache is-shared-array-buffer@https://registry.npmjs.org/is-shared-array-buffer/-/is-shared-array-buffer-1.0.4.tgz 0ms (cache hit)
2204 http cache is-set@https://registry.npmjs.org/is-set/-/is-set-2.0.3.tgz 0ms (cache hit)
2205 http cache is-regex@https://registry.npmjs.org/is-regex/-/is-regex-1.2.1.tgz 0ms (cache hit)
2206 http cache is-negative-zero@https://registry.npmjs.org/is-negative-zero/-/is-negative-zero-2.0.3.tgz 0ms (cache hit)
2207 http cache is-array-buffer@https://registry.npmjs.org/is-array-buffer/-/is-array-buffer-3.0.5.tgz 0ms (cache hit)
2208 http cache is-data-view@https://registry.npmjs.org/is-data-view/-/is-data-view-1.0.2.tgz 0ms (cache hit)
2209 http cache internal-slot@https://registry.npmjs.org/internal-slot/-/internal-slot-1.1.0.tgz 0ms (cache hit)
2210 http cache is-callable@https://registry.npmjs.org/is-callable/-/is-callable-1.2.7.tgz 0ms (cache hit)
2211 http cache has-proto@https://registry.npmjs.org/has-proto/-/has-proto-1.2.0.tgz 0ms (cache hit)
2212 http cache globalthis@https://registry.npmjs.org/globalthis/-/globalthis-1.0.4.tgz 0ms (cache hit)
2213 http cache has-symbols@https://registry.npmjs.org/has-symbols/-/has-symbols-1.1.0.tgz 0ms (cache hit)
2214 http cache get-proto@https://registry.npmjs.org/get-proto/-/get-proto-1.0.1.tgz 0ms (cache hit)
2215 http cache function.prototype.name@https://registry.npmjs.org/function.prototype.name/-/function.prototype.name-1.2.0.tgz 0ms (cache hit)
2216 http cache es-to-primitive@https://registry.npmjs.org/es-to-primitive/-/es-to-primitive-1.3.4.tgz 0ms (cache hit)
2217 http cache regexp.prototype.flags@https://registry.npmjs.org/regexp.prototype.flags/-/regexp.prototype.flags-1.5.4.tgz 0ms (cache hit)
2218 http cache es-set-tostringtag@https://registry.npmjs.org/es-set-tostringtag/-/es-set-tostringtag-2.1.0.tgz 0ms (cache hit)
2219 http cache data-view-byte-length@https://registry.npmjs.org/data-view-byte-length/-/data-view-byte-length-1.0.2.tgz 0ms (cache hit)
2220 http cache data-view-buffer@https://registry.npmjs.org/data-view-buffer/-/data-view-buffer-1.0.2.tgz 0ms (cache hit)
2221 http cache data-view-byte-offset@https://registry.npmjs.org/data-view-byte-offset/-/data-view-byte-offset-1.0.1.tgz 0ms (cache hit)
2222 http cache es-abstract-get@https://registry.npmjs.org/es-abstract-get/-/es-abstract-get-1.0.0.tgz 0ms (cache hit)
2223 http cache available-typed-arrays@https://registry.npmjs.org/available-typed-arrays/-/available-typed-arrays-1.0.7.tgz 0ms (cache hit)
2224 http cache arraybuffer.prototype.slice@https://registry.npmjs.org/arraybuffer.prototype.slice/-/arraybuffer.prototype.slice-1.0.4.tgz 0ms (cache hit)
2225 http cache array-buffer-byte-length@https://registry.npmjs.org/array-buffer-byte-length/-/array-buffer-byte-length-1.0.2.tgz 0ms (cache hit)
2226 http cache gopd@https://registry.npmjs.org/gopd/-/gopd-1.2.0.tgz 0ms (cache hit)
2227 http cache object-keys@https://registry.npmjs.org/object-keys/-/object-keys-1.1.1.tgz 0ms (cache hit)
2228 http cache get-symbol-description@https://registry.npmjs.org/get-symbol-description/-/get-symbol-description-1.1.0.tgz 0ms (cache hit)
2229 http cache has-property-descriptors@https://registry.npmjs.org/has-property-descriptors/-/has-property-descriptors-1.0.2.tgz 0ms (cache hit)
2230 http cache define-data-property@https://registry.npmjs.org/define-data-property/-/define-data-property-1.1.4.tgz 0ms (cache hit)
2231 http cache es-define-property@https://registry.npmjs.org/es-define-property/-/es-define-property-1.0.1.tgz 0ms (cache hit)
2232 http cache set-function-length@https://registry.npmjs.org/set-function-length/-/set-function-length-1.2.2.tgz 0ms (cache hit)
2233 http cache call-bind-apply-helpers@https://registry.npmjs.org/call-bind-apply-helpers/-/call-bind-apply-helpers-1.0.2.tgz 0ms (cache hit)
2234 http cache es-shim-unscopables@https://registry.npmjs.org/es-shim-unscopables/-/es-shim-unscopables-1.1.0.tgz 0ms (cache hit)
2235 http cache function-bind@https://registry.npmjs.org/function-bind/-/function-bind-1.1.2.tgz 0ms (cache hit)
2236 http cache es-errors@https://registry.npmjs.org/es-errors/-/es-errors-1.3.0.tgz 0ms (cache hit)
2237 http cache math-intrinsics@https://registry.npmjs.org/math-intrinsics/-/math-intrinsics-1.1.0.tgz 0ms (cache hit)
2238 http cache is-string@https://registry.npmjs.org/is-string/-/is-string-1.1.1.tgz 0ms (cache hit)
2239 http cache get-intrinsic@https://registry.npmjs.org/get-intrinsic/-/get-intrinsic-1.3.0.tgz 0ms (cache hit)
2240 http cache es-object-atoms@https://registry.npmjs.org/es-object-atoms/-/es-object-atoms-1.1.2.tgz 0ms (cache hit)
2241 http cache define-properties@https://registry.npmjs.org/define-properties/-/define-properties-1.2.1.tgz 0ms (cache hit)
2242 http cache es-abstract@https://registry.npmjs.org/es-abstract/-/es-abstract-1.24.2.tgz 0ms (cache hit)
2243 http cache call-bind@https://registry.npmjs.org/call-bind/-/call-bind-1.0.9.tgz 0ms (cache hit)
2244 http cache call-bound@https://registry.npmjs.org/call-bound/-/call-bound-1.0.4.tgz 0ms (cache hit)
2245 http cache tsconfig-paths@https://registry.npmjs.org/tsconfig-paths/-/tsconfig-paths-3.15.0.tgz 0ms (cache hit)
2246 http cache string.prototype.trimend@https://registry.npmjs.org/string.prototype.trimend/-/string.prototype.trimend-1.0.10.tgz 0ms (cache hit)
2247 http cache object.groupby@https://registry.npmjs.org/object.groupby/-/object.groupby-1.0.3.tgz 0ms (cache hit)
2248 http cache object.values@https://registry.npmjs.org/object.values/-/object.values-1.2.1.tgz 0ms (cache hit)
2249 http cache object.fromentries@https://registry.npmjs.org/object.fromentries/-/object.fromentries-2.0.8.tgz 0ms (cache hit)
2250 http cache hasown@https://registry.npmjs.org/hasown/-/hasown-2.0.4.tgz 0ms (cache hit)
2251 http cache array.prototype.flatmap@https://registry.npmjs.org/array.prototype.flatmap/-/array.prototype.flatmap-1.3.3.tgz 0ms (cache hit)
2252 http cache array.prototype.flat@https://registry.npmjs.org/array.prototype.flat/-/array.prototype.flat-1.3.3.tgz 0ms (cache hit)
2253 http cache eslint-module-utils@https://registry.npmjs.org/eslint-module-utils/-/eslint-module-utils-2.14.0.tgz 0ms (cache hit)
2254 http cache array-includes@https://registry.npmjs.org/array-includes/-/array-includes-3.1.9.tgz 0ms (cache hit)
2255 http cache array.prototype.findlastindex@https://registry.npmjs.org/array.prototype.findlastindex/-/array.prototype.findlastindex-1.2.6.tgz 0ms (cache hit)
2256 http cache stable-hash@https://registry.npmjs.org/stable-hash/-/stable-hash-0.0.5.tgz 0ms (cache hit)
2257 http cache @rtsao/scc@https://registry.npmjs.org/@rtsao/scc/-/scc-1.1.0.tgz 0ms (cache hit)
2258 http cache is-bun-module@https://registry.npmjs.org/is-bun-module/-/is-bun-module-2.0.0.tgz 0ms (cache hit)
2259 http cache get-tsconfig@https://registry.npmjs.org/get-tsconfig/-/get-tsconfig-4.14.0.tgz 0ms (cache hit)
2260 http cache unrs-resolver@https://registry.npmjs.org/unrs-resolver/-/unrs-resolver-1.12.2.tgz 0ms (cache hit)
2261 http cache resolve@https://registry.npmjs.org/resolve/-/resolve-2.0.0-next.7.tgz 0ms (cache hit)
2262 http cache tinyglobby@https://registry.npmjs.org/tinyglobby/-/tinyglobby-0.2.17.tgz 0ms (cache hit)
2263 http cache @nolyfill/is-core-module@https://registry.npmjs.org/@nolyfill/is-core-module/-/is-core-module-1.0.39.tgz 0ms (cache hit)
2264 http cache semver@https://registry.npmjs.org/semver/-/semver-7.8.5.tgz 0ms (cache hit)
2265 http cache @typescript-eslint/tsconfig-utils@https://registry.npmjs.org/@typescript-eslint/tsconfig-utils/-/tsconfig-utils-8.65.0.tgz 0ms (cache hit)
2266 http cache is-core-module@https://registry.npmjs.org/is-core-module/-/is-core-module-2.16.2.tgz 0ms (cache hit)
2267 http cache @typescript-eslint/project-service@https://registry.npmjs.org/@typescript-eslint/project-service/-/project-service-8.65.0.tgz 0ms (cache hit)
2268 http cache @typescript-eslint/typescript-estree@https://registry.npmjs.org/@typescript-eslint/typescript-estree/-/typescript-estree-8.65.0.tgz 0ms (cache hit)
2269 http cache ts-api-utils@https://registry.npmjs.org/ts-api-utils/-/ts-api-utils-2.5.0.tgz 0ms (cache hit)
2270 http cache @typescript-eslint/types@https://registry.npmjs.org/@typescript-eslint/types/-/types-8.65.0.tgz 0ms (cache hit)
2271 http cache @typescript-eslint/type-utils@https://registry.npmjs.org/@typescript-eslint/type-utils/-/type-utils-8.65.0.tgz 0ms (cache hit)
2272 http cache @typescript-eslint/utils@https://registry.npmjs.org/@typescript-eslint/utils/-/utils-8.65.0.tgz 0ms (cache hit)
2273 http cache @typescript-eslint/visitor-keys@https://registry.npmjs.org/@typescript-eslint/visitor-keys/-/visitor-keys-8.65.0.tgz 0ms (cache hit)
2274 http cache eslint-plugin-react-hooks@https://registry.npmjs.org/eslint-plugin-react-hooks/-/eslint-plugin-react-hooks-5.0.0-canary-7118f5dd7-20230705.tgz 0ms (cache hit)
2275 http cache @typescript-eslint/scope-manager@https://registry.npmjs.org/@typescript-eslint/scope-manager/-/scope-manager-8.65.0.tgz 0ms (cache hit)
2276 http cache glob@https://registry.npmjs.org/glob/-/glob-10.3.10.tgz 0ms (cache hit)
2277 http cache eslint-plugin-react@https://registry.npmjs.org/eslint-plugin-react/-/eslint-plugin-react-7.37.5.tgz 0ms (cache hit)
2278 http cache eslint-import-resolver-typescript@https://registry.npmjs.org/eslint-import-resolver-typescript/-/eslint-import-resolver-typescript-3.10.1.tgz 0ms (cache hit)
2279 http cache eslint-plugin-jsx-a11y@https://registry.npmjs.org/eslint-plugin-jsx-a11y/-/eslint-plugin-jsx-a11y-6.10.2.tgz 0ms (cache hit)
2280 http cache eslint-plugin-import@https://registry.npmjs.org/eslint-plugin-import/-/eslint-plugin-import-2.32.0.tgz 0ms (cache hit)
2281 http cache eslint-import-resolver-node@https://registry.npmjs.org/eslint-import-resolver-node/-/eslint-import-resolver-node-0.3.10.tgz 0ms (cache hit)
2282 http cache @typescript-eslint/eslint-plugin@https://registry.npmjs.org/@typescript-eslint/eslint-plugin/-/eslint-plugin-8.65.0.tgz 0ms (cache hit)
2283 http cache @typescript-eslint/parser@https://registry.npmjs.org/@typescript-eslint/parser/-/parser-8.65.0.tgz 0ms (cache hit)
2284 http cache @rushstack/eslint-patch@https://registry.npmjs.org/@rushstack/eslint-patch/-/eslint-patch-1.16.1.tgz 0ms (cache hit)
2285 http cache @next/eslint-plugin-next@https://registry.npmjs.org/@next/eslint-plugin-next/-/eslint-plugin-next-14.2.35.tgz 0ms (cache hit)
2286 http cache which@https://registry.npmjs.org/which/-/which-2.0.2.tgz 0ms (cache hit)
2287 http cache shebang-command@https://registry.npmjs.org/shebang-command/-/shebang-command-2.0.0.tgz 0ms (cache hit)
2288 http cache path-key@https://registry.npmjs.org/path-key/-/path-key-3.1.1.tgz 0ms (cache hit)
2289 http cache supports-color@https://registry.npmjs.org/supports-color/-/supports-color-7.2.0.tgz 0ms (cache hit)
2290 http cache color-name@https://registry.npmjs.org/color-name/-/color-name-1.1.4.tgz 0ms (cache hit)
2291 http cache color-convert@https://registry.npmjs.org/color-convert/-/color-convert-2.0.1.tgz 0ms (cache hit)
2292 http cache uri-js@https://registry.npmjs.org/uri-js/-/uri-js-4.4.1.tgz 0ms (cache hit)
2293 http cache ansi-styles@https://registry.npmjs.org/ansi-styles/-/ansi-styles-4.3.0.tgz 0ms (cache hit)
2294 http cache fast-json-stable-stringify@https://registry.npmjs.org/fast-json-stable-stringify/-/fast-json-stable-stringify-2.1.0.tgz 0ms (cache hit)
2295 http cache run-parallel@https://registry.npmjs.org/run-parallel/-/run-parallel-1.2.0.tgz 0ms (cache hit)
2296 http cache fastq@https://registry.npmjs.org/fastq/-/fastq-1.20.1.tgz 0ms (cache hit)
2297 http cache json-schema-traverse@https://registry.npmjs.org/json-schema-traverse/-/json-schema-traverse-0.4.1.tgz 0ms (cache hit)
2298 http cache @nodelib/fs.scandir@https://registry.npmjs.org/@nodelib/fs.scandir/-/fs.scandir-2.1.5.tgz 0ms (cache hit)
2299 http cache @humanwhocodes/object-schema@https://registry.npmjs.org/@humanwhocodes/object-schema/-/object-schema-2.0.3.tgz 0ms (cache hit)
2300 http cache strip-json-comments@https://registry.npmjs.org/strip-json-comments/-/strip-json-comments-3.1.1.tgz 0ms (cache hit)
2301 http cache text-table@https://registry.npmjs.org/text-table/-/text-table-0.2.0.tgz 0ms (cache hit)
2302 http cache optionator@https://registry.npmjs.org/optionator/-/optionator-0.9.4.tgz 0ms (cache hit)
2303 http cache @nodelib/fs.stat@https://registry.npmjs.org/@nodelib/fs.stat/-/fs.stat-2.0.5.tgz 0ms (cache hit)
2304 http cache strip-ansi@https://registry.npmjs.org/strip-ansi/-/strip-ansi-6.0.1.tgz 0ms (cache hit)
2305 http cache natural-compare@https://registry.npmjs.org/natural-compare/-/natural-compare-1.4.0.tgz 0ms (cache hit)
2306 http cache minimatch@https://registry.npmjs.org/minimatch/-/minimatch-3.1.5.tgz 0ms (cache hit)
2307 http cache lodash.merge@https://registry.npmjs.org/lodash.merge/-/lodash.merge-4.6.2.tgz 0ms (cache hit)
2308 http cache json-stable-stringify-without-jsonify@https://registry.npmjs.org/json-stable-stringify-without-jsonify/-/json-stable-stringify-without-jsonify-1.0.1.tgz 0ms (cache hit)
2309 http cache levn@https://registry.npmjs.org/levn/-/levn-0.4.1.tgz 0ms (cache hit)
2310 http cache is-path-inside@https://registry.npmjs.org/is-path-inside/-/is-path-inside-3.0.3.tgz 0ms (cache hit)
2311 http cache is-glob@https://registry.npmjs.org/is-glob/-/is-glob-4.0.3.tgz 0ms (cache hit)
2312 http cache js-yaml@https://registry.npmjs.org/js-yaml/-/js-yaml-4.3.0.tgz 0ms (cache hit)
2313 http cache imurmurhash@https://registry.npmjs.org/imurmurhash/-/imurmurhash-0.1.4.tgz 0ms (cache hit)
2314 http cache ignore@https://registry.npmjs.org/ignore/-/ignore-5.3.2.tgz 0ms (cache hit)
2315 http cache graphemer@https://registry.npmjs.org/graphemer/-/graphemer-1.4.0.tgz 0ms (cache hit)
2316 http cache ms@https://registry.npmjs.org/ms/-/ms-2.1.3.tgz 0ms (cache hit)
2317 http cache find-up@https://registry.npmjs.org/find-up/-/find-up-5.0.0.tgz 0ms (cache hit)
2318 http cache globals@https://registry.npmjs.org/globals/-/globals-13.24.0.tgz 0ms (cache hit)
2319 http cache file-entry-cache@https://registry.npmjs.org/file-entry-cache/-/file-entry-cache-6.0.1.tgz 0ms (cache hit)
2320 http cache fast-deep-equal@https://registry.npmjs.org/fast-deep-equal/-/fast-deep-equal-3.1.3.tgz 0ms (cache hit)
2321 http cache glob-parent@https://registry.npmjs.org/glob-parent/-/glob-parent-6.0.2.tgz 0ms (cache hit)
2322 http cache esutils@https://registry.npmjs.org/esutils/-/esutils-2.0.3.tgz 0ms (cache hit)
2323 http cache espree@https://registry.npmjs.org/espree/-/espree-9.6.1.tgz 0ms (cache hit)
2324 http cache eslint-visitor-keys@https://registry.npmjs.org/eslint-visitor-keys/-/eslint-visitor-keys-3.4.3.tgz 0ms (cache hit)
2325 http cache escape-string-regexp@https://registry.npmjs.org/escape-string-regexp/-/escape-string-regexp-4.0.0.tgz 0ms (cache hit)
2326 http cache cross-spawn@https://registry.npmjs.org/cross-spawn/-/cross-spawn-7.0.6.tgz 0ms (cache hit)
2327 http cache eslint-scope@https://registry.npmjs.org/eslint-scope/-/eslint-scope-7.2.2.tgz 0ms (cache hit)
2328 http cache doctrine@https://registry.npmjs.org/doctrine/-/doctrine-3.0.0.tgz 0ms (cache hit)
2329 http cache import-fresh@https://registry.npmjs.org/import-fresh/-/import-fresh-3.3.1.tgz 0ms (cache hit)
2330 http cache chalk@https://registry.npmjs.org/chalk/-/chalk-4.1.2.tgz 0ms (cache hit)
2331 http cache ajv@https://registry.npmjs.org/ajv/-/ajv-6.15.0.tgz 0ms (cache hit)
2332 http cache debug@https://registry.npmjs.org/debug/-/debug-4.4.3.tgz 0ms (cache hit)
2333 http cache @eslint/js@https://registry.npmjs.org/@eslint/js/-/js-8.57.1.tgz 0ms (cache hit)
2334 http cache @humanwhocodes/config-array@https://registry.npmjs.org/@humanwhocodes/config-array/-/config-array-0.13.0.tgz 0ms (cache hit)
2335 http cache @eslint-community/regexpp@https://registry.npmjs.org/@eslint-community/regexpp/-/regexpp-4.12.2.tgz 0ms (cache hit)
2336 http cache @eslint/eslintrc@https://registry.npmjs.org/@eslint/eslintrc/-/eslintrc-2.1.4.tgz 0ms (cache hit)
2337 http cache @nodelib/fs.walk@https://registry.npmjs.org/@nodelib/fs.walk/-/fs.walk-1.2.8.tgz 0ms (cache hit)
2338 http cache @ungap/structured-clone@https://registry.npmjs.org/@ungap/structured-clone/-/structured-clone-1.3.3.tgz 0ms (cache hit)
2339 http cache csstype@https://registry.npmjs.org/csstype/-/csstype-3.2.3.tgz 0ms (cache hit)
2340 http cache @types/prop-types@https://registry.npmjs.org/@types/prop-types/-/prop-types-15.7.15.tgz 0ms (cache hit)
2341 http cache esquery@https://registry.npmjs.org/esquery/-/esquery-1.7.0.tgz 0ms (cache hit)
2342 http cache iceberg-js@https://registry.npmjs.org/iceberg-js/-/iceberg-js-0.8.1.tgz 0ms (cache hit)
2343 http cache @supabase/phoenix@https://registry.npmjs.org/@supabase/phoenix/-/phoenix-0.4.5.tgz 0ms (cache hit)
2344 http cache tslib@https://registry.npmjs.org/tslib/-/tslib-2.8.1.tgz 0ms (cache hit)
2345 http cache @supabase/realtime-js@https://registry.npmjs.org/@supabase/realtime-js/-/realtime-js-2.110.9.tgz 0ms (cache hit)
2346 http cache @supabase/postgrest-js@https://registry.npmjs.org/@supabase/postgrest-js/-/postgrest-js-2.110.9.tgz 0ms (cache hit)
2347 http cache typescript@https://registry.npmjs.org/typescript/-/typescript-5.9.3.tgz 0ms (cache hit)
2348 http cache @supabase/functions-js@https://registry.npmjs.org/@supabase/functions-js/-/functions-js-2.110.9.tgz 0ms (cache hit)
2349 http cache @supabase/auth-js@https://registry.npmjs.org/@supabase/auth-js/-/auth-js-2.110.9.tgz 0ms (cache hit)
2350 http cache react-dom@https://registry.npmjs.org/react-dom/-/react-dom-18.3.1.tgz 0ms (cache hit)
2351 http cache react@https://registry.npmjs.org/react/-/react-18.3.1.tgz 0ms (cache hit)
2352 http cache next@https://registry.npmjs.org/next/-/next-14.2.35.tgz 0ms (cache hit)
2353 http cache eslint-config-next@https://registry.npmjs.org/eslint-config-next/-/eslint-config-next-14.2.35.tgz 0ms (cache hit)
2354 http cache eslint@https://registry.npmjs.org/eslint/-/eslint-8.57.1.tgz 0ms (cache hit)
2355 http cache @eslint-community/eslint-utils@https://registry.npmjs.org/@eslint-community/eslint-utils/-/eslint-utils-4.10.1.tgz 0ms (cache hit)
2356 http cache @humanwhocodes/module-importer@https://registry.npmjs.org/@humanwhocodes/module-importer/-/module-importer-1.0.1.tgz 0ms (cache hit)
2357 http cache @supabase/supabase-js@https://registry.npmjs.org/@supabase/supabase-js/-/supabase-js-2.110.9.tgz 0ms (cache hit)
2358 http cache emoji-regex@https://registry.npmjs.org/emoji-regex/-/emoji-regex-8.0.0.tgz 0ms (cache hit)
2359 http cache @types/node@https://registry.npmjs.org/@types/node/-/node-20.19.43.tgz 0ms (cache hit)
2360 http cache semver@https://registry.npmjs.org/semver/-/semver-6.3.1.tgz 0ms (cache hit)
2361 http cache @types/react@https://registry.npmjs.org/@types/react/-/react-18.3.31.tgz 0ms (cache hit)
2362 http cache string-width@https://registry.npmjs.org/string-width/-/string-width-4.2.3.tgz 0ms (cache hit)
2363 http cache ansi-regex@https://registry.npmjs.org/ansi-regex/-/ansi-regex-6.2.2.tgz 0ms (cache hit)
2364 http cache strip-ansi@https://registry.npmjs.org/strip-ansi/-/strip-ansi-7.2.0.tgz 0ms (cache hit)
2365 http cache @types/react-dom@https://registry.npmjs.org/@types/react-dom/-/react-dom-18.3.7.tgz 0ms (cache hit)
2366 http cache ansi-regex@https://registry.npmjs.org/ansi-regex/-/ansi-regex-6.2.2.tgz 0ms (cache hit)
2367 http cache strip-ansi@https://registry.npmjs.org/strip-ansi/-/strip-ansi-7.2.0.tgz 1ms (cache hit)
2368 http cache ansi-styles@https://registry.npmjs.org/ansi-styles/-/ansi-styles-6.2.3.tgz 0ms (cache hit)
2369 http cache ansi-regex@https://registry.npmjs.org/ansi-regex/-/ansi-regex-6.2.2.tgz 0ms (cache hit)
2370 http cache emoji-regex@https://registry.npmjs.org/emoji-regex/-/emoji-regex-8.0.0.tgz 0ms (cache hit)
2371 http cache strip-ansi@https://registry.npmjs.org/strip-ansi/-/strip-ansi-7.2.0.tgz 0ms (cache hit)
2372 http cache glob@https://registry.npmjs.org/glob/-/glob-7.2.3.tgz 0ms (cache hit)
2373 http cache @supabase/storage-js@https://registry.npmjs.org/@supabase/storage-js/-/storage-js-2.110.9.tgz 0ms (cache hit)
2374 http cache balanced-match@https://registry.npmjs.org/balanced-match/-/balanced-match-4.0.4.tgz 0ms (cache hit)
2375 http cache minimatch@https://registry.npmjs.org/minimatch/-/minimatch-10.2.6.tgz 0ms (cache hit)
2376 http cache eslint-visitor-keys@https://registry.npmjs.org/eslint-visitor-keys/-/eslint-visitor-keys-5.0.1.tgz 0ms (cache hit)
2377 http cache undici-types@https://registry.npmjs.org/undici-types/-/undici-types-6.21.0.tgz 0ms (cache hit)
2378 http cache brace-expansion@https://registry.npmjs.org/brace-expansion/-/brace-expansion-2.1.2.tgz 0ms (cache hit)
2379 http cache debug@https://registry.npmjs.org/debug/-/debug-3.2.7.tgz 0ms (cache hit)
2380 http cache semver@https://registry.npmjs.org/semver/-/semver-6.3.1.tgz 0ms (cache hit)
2381 http cache minimatch@https://registry.npmjs.org/minimatch/-/minimatch-9.0.9.tgz 0ms (cache hit)
2382 http cache doctrine@https://registry.npmjs.org/doctrine/-/doctrine-2.1.0.tgz 0ms (cache hit)
2383 http cache doctrine@https://registry.npmjs.org/doctrine/-/doctrine-2.1.0.tgz 0ms (cache hit)
2384 http cache debug@https://registry.npmjs.org/debug/-/debug-3.2.7.tgz 0ms (cache hit)
2385 http cache brace-expansion@https://registry.npmjs.org/brace-expansion/-/brace-expansion-5.0.8.tgz 0ms (cache hit)
2386 http cache semver@https://registry.npmjs.org/semver/-/semver-6.3.1.tgz 0ms (cache hit)
2387 silly tarball no local data for wrappy@https://registry.npmjs.org/wrappy/-/wrappy-1.0.2.tgz. Extracting by manifest.
2388 silly tarball no local data for path-is-absolute@https://registry.npmjs.org/path-is-absolute/-/path-is-absolute-1.0.1.tgz. Extracting by manifest.
2389 silly tarball no local data for once@https://registry.npmjs.org/once/-/once-1.4.0.tgz. Extracting by manifest.
2390 silly tarball no local data for inflight@https://registry.npmjs.org/inflight/-/inflight-1.0.6.tgz. Extracting by manifest.
2391 silly tarball no local data for inherits@https://registry.npmjs.org/inherits/-/inherits-2.0.4.tgz. Extracting by manifest.
2392 silly tarball no local data for fs.realpath@https://registry.npmjs.org/fs.realpath/-/fs.realpath-1.0.0.tgz. Extracting by manifest.
2393 silly tarball no local data for is-weakmap@https://registry.npmjs.org/is-weakmap/-/is-weakmap-2.0.2.tgz. Extracting by manifest.
2394 silly tarball no local data for is-map@https://registry.npmjs.org/is-map/-/is-map-2.0.3.tgz. Extracting by manifest.
2395 http cache debug@https://registry.npmjs.org/debug/-/debug-3.2.7.tgz 0ms (cache hit)
2396 silly tarball no local data for async-function@https://registry.npmjs.org/async-function/-/async-function-1.0.0.tgz. Extracting by manifest.
2397 silly tarball no local data for which-collection@https://registry.npmjs.org/which-collection/-/which-collection-1.0.2.tgz. Extracting by manifest.
2398 http cache ignore@https://registry.npmjs.org/ignore/-/ignore-7.0.6.tgz 0ms (cache hit)
2399 silly tarball no local data for is-number-object@https://registry.npmjs.org/is-number-object/-/is-number-object-1.1.1.tgz. Extracting by manifest.
2400 silly tarball no local data for is-finalizationregistry@https://registry.npmjs.org/is-finalizationregistry/-/is-finalizationregistry-1.1.1.tgz. Extracting by manifest.
2401 silly tarball no local data for is-generator-function@https://registry.npmjs.org/is-generator-function/-/is-generator-function-1.1.2.tgz. Extracting by manifest.
2402 silly tarball no local data for is-boolean-object@https://registry.npmjs.org/is-boolean-object/-/is-boolean-object-1.2.2.tgz. Extracting by manifest.
2403 silly tarball no local data for is-bigint@https://registry.npmjs.org/is-bigint/-/is-bigint-1.1.0.tgz. Extracting by manifest.
2404 silly tarball no local data for is-async-function@https://registry.npmjs.org/is-async-function/-/is-async-function-2.1.1.tgz. Extracting by manifest.
2405 silly tarball no local data for punycode@https://registry.npmjs.org/punycode/-/punycode-2.3.1.tgz. Extracting by manifest.
2406 silly tarball no local data for isexe@https://registry.npmjs.org/isexe/-/isexe-2.0.0.tgz. Extracting by manifest.
2407 silly tarball no local data for @unrs/resolver-binding-darwin-arm64@https://registry.npmjs.org/@unrs/resolver-binding-darwin-arm64/-/resolver-binding-darwin-arm64-1.12.2.tgz. Extracting by manifest.
2408 silly tarball no local data for napi-postinstall@https://registry.npmjs.org/napi-postinstall/-/napi-postinstall-0.3.4.tgz. Extracting by manifest.
2409 silly tarball no local data for which-boxed-primitive@https://registry.npmjs.org/which-boxed-primitive/-/which-boxed-primitive-1.1.1.tgz. Extracting by manifest.
2410 silly tarball no local data for has-bigints@https://registry.npmjs.org/has-bigints/-/has-bigints-1.1.0.tgz. Extracting by manifest.
2411 silly tarball no local data for which-builtin-type@https://registry.npmjs.org/which-builtin-type/-/which-builtin-type-1.2.1.tgz. Extracting by manifest.
2412 silly tarball no local data for for-each@https://registry.npmjs.org/for-each/-/for-each-0.3.5.tgz. Extracting by manifest.
2413 silly tarball no local data for reflect.getprototypeof@https://registry.npmjs.org/reflect.getprototypeof/-/reflect.getprototypeof-1.0.10.tgz. Extracting by manifest.
2414 silly tarball no local data for minimist@https://registry.npmjs.org/minimist/-/minimist-1.2.8.tgz. Extracting by manifest.
2415 silly tarball no local data for strip-bom@https://registry.npmjs.org/strip-bom/-/strip-bom-3.0.0.tgz. Extracting by manifest.
2416 silly tarball no local data for @types/json5@https://registry.npmjs.org/@types/json5/-/json5-0.0.29.tgz. Extracting by manifest.
2417 silly tarball no local data for picomatch@https://registry.npmjs.org/picomatch/-/picomatch-4.0.5.tgz. Extracting by manifest.
2418 silly tarball no local data for generator-function@https://registry.npmjs.org/generator-function/-/generator-function-2.0.1.tgz. Extracting by manifest.
2419 silly tarball no local data for fdir@https://registry.npmjs.org/fdir/-/fdir-6.5.0.tgz. Extracting by manifest.
2420 silly tarball no local data for is-weakset@https://registry.npmjs.org/is-weakset/-/is-weakset-2.0.4.tgz. Extracting by manifest.
2421 silly tarball no local data for json5@https://registry.npmjs.org/json5/-/json5-1.0.2.tgz. Extracting by manifest.
2422 silly tarball no local data for client-only@https://registry.npmjs.org/client-only/-/client-only-0.0.1.tgz. Extracting by manifest.
2423 silly tarball no local data for has-flag@https://registry.npmjs.org/has-flag/-/has-flag-4.0.0.tgz. Extracting by manifest.
2424 silly tarball no local data for ansi-regex@https://registry.npmjs.org/ansi-regex/-/ansi-regex-5.0.1.tgz. Extracting by manifest.
2425 silly tarball no local data for is-fullwidth-code-point@https://registry.npmjs.org/is-fullwidth-code-point/-/is-fullwidth-code-point-3.0.0.tgz. Extracting by manifest.
2426 silly tarball no local data for eastasianwidth@https://registry.npmjs.org/eastasianwidth/-/eastasianwidth-0.2.0.tgz. Extracting by manifest.
2427 silly tarball no local data for side-channel-map@https://registry.npmjs.org/side-channel-map/-/side-channel-map-1.0.1.tgz. Extracting by manifest.
2428 silly tarball no local data for side-channel-list@https://registry.npmjs.org/side-channel-list/-/side-channel-list-1.0.1.tgz. Extracting by manifest.
2429 silly tarball no local data for isarray@https://registry.npmjs.org/isarray/-/isarray-2.0.5.tgz. Extracting by manifest.
2430 silly tarball no local data for queue-microtask@https://registry.npmjs.org/queue-microtask/-/queue-microtask-1.2.3.tgz. Extracting by manifest.
2431 silly tarball no local data for supports-preserve-symlinks-flag@https://registry.npmjs.org/supports-preserve-symlinks-flag/-/supports-preserve-symlinks-flag-1.0.0.tgz. Extracting by manifest.
2432 silly tarball no local data for path-parse@https://registry.npmjs.org/path-parse/-/path-parse-1.0.7.tgz. Extracting by manifest.
2433 silly tarball no local data for scheduler@https://registry.npmjs.org/scheduler/-/scheduler-0.23.2.tgz. Extracting by manifest.
2434 silly tarball no local data for shebang-regex@https://registry.npmjs.org/shebang-regex/-/shebang-regex-3.0.0.tgz. Extracting by manifest.
2435 silly tarball no local data for js-tokens@https://registry.npmjs.org/js-tokens/-/js-tokens-4.0.0.tgz. Extracting by manifest.
2436 silly tarball no local data for node-exports-info@https://registry.npmjs.org/node-exports-info/-/node-exports-info-1.6.2.tgz. Extracting by manifest.
2437 silly tarball no local data for object-assign@https://registry.npmjs.org/object-assign/-/object-assign-4.1.1.tgz. Extracting by manifest.
2438 silly tarball no local data for side-channel-weakmap@https://registry.npmjs.org/side-channel-weakmap/-/side-channel-weakmap-1.0.2.tgz. Extracting by manifest.
2439 silly tarball no local data for react-is@https://registry.npmjs.org/react-is/-/react-is-16.13.1.tgz. Extracting by manifest.
2440 silly tarball no local data for loose-envify@https://registry.npmjs.org/loose-envify/-/loose-envify-1.4.0.tgz. Extracting by manifest.
2441 silly tarball no local data for picocolors@https://registry.npmjs.org/picocolors/-/picocolors-1.1.1.tgz. Extracting by manifest.
2442 silly tarball no local data for callsites@https://registry.npmjs.org/callsites/-/callsites-3.1.0.tgz. Extracting by manifest.
2443 silly tarball no local data for source-map-js@https://registry.npmjs.org/source-map-js/-/source-map-js-1.2.1.tgz. Extracting by manifest.
2444 silly tarball no local data for nanoid@https://registry.npmjs.org/nanoid/-/nanoid-3.3.16.tgz. Extracting by manifest.
2445 silly tarball no local data for lru-cache@https://registry.npmjs.org/lru-cache/-/lru-cache-10.4.3.tgz. Extracting by manifest.
2446 silly tarball no local data for yocto-queue@https://registry.npmjs.org/yocto-queue/-/yocto-queue-0.1.0.tgz. Extracting by manifest.
2447 silly tarball no local data for p-limit@https://registry.npmjs.org/p-limit/-/p-limit-3.1.0.tgz. Extracting by manifest.
2448 silly tarball no local data for deep-is@https://registry.npmjs.org/deep-is/-/deep-is-0.1.4.tgz. Extracting by manifest.
2449 silly tarball no local data for word-wrap@https://registry.npmjs.org/word-wrap/-/word-wrap-1.2.5.tgz. Extracting by manifest.
2450 silly tarball no local data for fast-levenshtein@https://registry.npmjs.org/fast-levenshtein/-/fast-levenshtein-2.0.6.tgz. Extracting by manifest.
2451 silly tarball no local data for streamsearch@https://registry.npmjs.org/streamsearch/-/streamsearch-1.1.0.tgz. Extracting by manifest.
2452 silly tarball no local data for postcss@https://registry.npmjs.org/postcss/-/postcss-8.4.31.tgz. Extracting by manifest.
2453 silly tarball no local data for styled-jsx@https://registry.npmjs.org/styled-jsx/-/styled-jsx-5.1.1.tgz. Extracting by manifest.
2454 silly tarball no local data for @swc/counter@https://registry.npmjs.org/@swc/counter/-/counter-0.1.3.tgz. Extracting by manifest.
2455 silly tarball no local data for graceful-fs@https://registry.npmjs.org/graceful-fs/-/graceful-fs-4.2.11.tgz. Extracting by manifest.
2456 silly tarball no local data for @swc/helpers@https://registry.npmjs.org/@swc/helpers/-/helpers-0.5.5.tgz. Extracting by manifest.
2457 silly tarball no local data for @next/env@https://registry.npmjs.org/@next/env/-/env-14.2.35.tgz. Extracting by manifest.
2458 silly tarball no local data for @next/swc-darwin-arm64@https://registry.npmjs.org/@next/swc-darwin-arm64/-/swc-darwin-arm64-14.2.33.tgz. Extracting by manifest.
2459 silly tarball no local data for busboy@https://registry.npmjs.org/busboy/-/busboy-1.6.0.tgz. Extracting by manifest.
2460 silly tarball no local data for concat-map@https://registry.npmjs.org/concat-map/-/concat-map-0.0.1.tgz. Extracting by manifest.
2461 silly tarball no local data for brace-expansion@https://registry.npmjs.org/brace-expansion/-/brace-expansion-1.1.16.tgz. Extracting by manifest.
2462 silly tarball no local data for balanced-match@https://registry.npmjs.org/balanced-match/-/balanced-match-1.0.2.tgz. Extracting by manifest.
2463 silly tarball no local data for type-check@https://registry.npmjs.org/type-check/-/type-check-0.4.0.tgz. Extracting by manifest.
2464 silly tarball no local data for p-locate@https://registry.npmjs.org/p-locate/-/p-locate-5.0.0.tgz. Extracting by manifest.
2465 silly tarball no local data for json-buffer@https://registry.npmjs.org/json-buffer/-/json-buffer-3.0.1.tgz. Extracting by manifest.
2466 silly tarball no local data for argparse@https://registry.npmjs.org/argparse/-/argparse-2.0.1.tgz. Extracting by manifest.
2467 silly tarball no local data for wrap-ansi-cjs@https://registry.npmjs.org/wrap-ansi/-/wrap-ansi-7.0.0.tgz. Extracting by manifest.
2468 silly tarball no local data for prelude-ls@https://registry.npmjs.org/prelude-ls/-/prelude-ls-1.2.1.tgz. Extracting by manifest.
2469 silly tarball no local data for caniuse-lite@https://registry.npmjs.org/caniuse-lite/-/caniuse-lite-1.0.30001806.tgz. Extracting by manifest.
2470 silly tarball no local data for language-subtag-registry@https://registry.npmjs.org/language-subtag-registry/-/language-subtag-registry-0.3.23.tgz. Extracting by manifest.
2471 silly tarball no local data for wrap-ansi@https://registry.npmjs.org/wrap-ansi/-/wrap-ansi-8.1.0.tgz. Extracting by manifest.
2472 silly tarball no local data for string-width-cjs@https://registry.npmjs.org/string-width/-/string-width-4.2.3.tgz. Extracting by manifest.
2473 silly tarball no local data for strip-ansi-cjs@https://registry.npmjs.org/strip-ansi/-/strip-ansi-6.0.1.tgz. Extracting by manifest.
2474 silly tarball no local data for string-width@https://registry.npmjs.org/string-width/-/string-width-5.1.2.tgz. Extracting by manifest.
2475 silly tarball no local data for is-extglob@https://registry.npmjs.org/is-extglob/-/is-extglob-2.1.1.tgz. Extracting by manifest.
2476 silly tarball no local data for set-function-name@https://registry.npmjs.org/set-function-name/-/set-function-name-2.0.2.tgz. Extracting by manifest.
2477 silly tarball no local data for @pkgjs/parseargs@https://registry.npmjs.org/@pkgjs/parseargs/-/parseargs-0.11.0.tgz. Extracting by manifest.
2478 silly tarball no local data for side-channel@https://registry.npmjs.org/side-channel/-/side-channel-1.1.1.tgz. Extracting by manifest.
2479 silly tarball no local data for resolve-from@https://registry.npmjs.org/resolve-from/-/resolve-from-4.0.0.tgz. Extracting by manifest.
2480 silly tarball no local data for signal-exit@https://registry.npmjs.org/signal-exit/-/signal-exit-4.1.0.tgz. Extracting by manifest.
2481 silly tarball no local data for type-fest@https://registry.npmjs.org/type-fest/-/type-fest-0.20.2.tgz. Extracting by manifest.
2482 silly tarball no local data for parent-module@https://registry.npmjs.org/parent-module/-/parent-module-1.0.1.tgz. Extracting by manifest.
2483 silly tarball no local data for path-scurry@https://registry.npmjs.org/path-scurry/-/path-scurry-1.11.1.tgz. Extracting by manifest.
2484 silly tarball no local data for jackspeak@https://registry.npmjs.org/jackspeak/-/jackspeak-2.3.6.tgz. Extracting by manifest.
2485 silly tarball no local data for foreground-child@https://registry.npmjs.org/foreground-child/-/foreground-child-3.3.1.tgz. Extracting by manifest.
2486 silly tarball no local data for dunder-proto@https://registry.npmjs.org/dunder-proto/-/dunder-proto-1.0.1.tgz. Extracting by manifest.
2487 silly tarball no local data for is-document.all@https://registry.npmjs.org/is-document.all/-/is-document.all-1.0.0.tgz. Extracting by manifest.
2488 silly tarball no local data for @isaacs/cliui@https://registry.npmjs.org/@isaacs/cliui/-/cliui-8.0.2.tgz. Extracting by manifest.
2489 silly tarball no local data for minipass@https://registry.npmjs.org/minipass/-/minipass-7.1.3.tgz. Extracting by manifest.
2490 silly tarball no local data for functions-have-names@https://registry.npmjs.org/functions-have-names/-/functions-have-names-1.2.3.tgz. Extracting by manifest.
2491 silly tarball no local data for keyv@https://registry.npmjs.org/keyv/-/keyv-4.5.4.tgz. Extracting by manifest.
2492 silly tarball no local data for flatted@https://registry.npmjs.org/flatted/-/flatted-3.4.3.tgz. Extracting by manifest.
2493 silly tarball no local data for rimraf@https://registry.npmjs.org/rimraf/-/rimraf-3.0.2.tgz. Extracting by manifest.
2494 silly tarball no local data for path-exists@https://registry.npmjs.org/path-exists/-/path-exists-4.0.0.tgz. Extracting by manifest.
2495 silly tarball no local data for locate-path@https://registry.npmjs.org/locate-path/-/locate-path-6.0.0.tgz. Extracting by manifest.
2496 silly tarball no local data for reusify@https://registry.npmjs.org/reusify/-/reusify-1.1.0.tgz. Extracting by manifest.
2497 silly tarball no local data for flat-cache@https://registry.npmjs.org/flat-cache/-/flat-cache-3.2.0.tgz. Extracting by manifest.
2498 silly tarball no local data for esrecurse@https://registry.npmjs.org/esrecurse/-/esrecurse-4.3.0.tgz. Extracting by manifest.
2499 silly tarball no local data for acorn@https://registry.npmjs.org/acorn/-/acorn-8.18.0.tgz. Extracting by manifest.
2500 silly tarball no local data for acorn-jsx@https://registry.npmjs.org/acorn-jsx/-/acorn-jsx-5.3.2.tgz. Extracting by manifest.
2501 silly tarball no local data for string.prototype.repeat@https://registry.npmjs.org/string.prototype.repeat/-/string.prototype.repeat-1.0.0.tgz. Extracting by manifest.
2502 silly tarball no local data for prop-types@https://registry.npmjs.org/prop-types/-/prop-types-15.8.1.tgz. Extracting by manifest.
2503 silly tarball no local data for string.prototype.matchall@https://registry.npmjs.org/string.prototype.matchall/-/string.prototype.matchall-4.0.12.tgz. Extracting by manifest.
2504 silly tarball no local data for estraverse@https://registry.npmjs.org/estraverse/-/estraverse-5.3.0.tgz. Extracting by manifest.
2505 silly tarball no local data for es-iterator-helpers@https://registry.npmjs.org/es-iterator-helpers/-/es-iterator-helpers-1.4.0.tgz. Extracting by manifest.
2506 silly tarball no local data for object.entries@https://registry.npmjs.org/object.entries/-/object.entries-1.1.9.tgz. Extracting by manifest.
2507 silly tarball no local data for string.prototype.includes@https://registry.npmjs.org/string.prototype.includes/-/string.prototype.includes-2.0.1.tgz. Extracting by manifest.
2508 silly tarball no local data for array.prototype.tosorted@https://registry.npmjs.org/array.prototype.tosorted/-/array.prototype.tosorted-1.1.4.tgz. Extracting by manifest.
2509 silly tarball no local data for array.prototype.findlast@https://registry.npmjs.org/array.prototype.findlast/-/array.prototype.findlast-1.2.5.tgz. Extracting by manifest.
2510 silly tarball no local data for language-tags@https://registry.npmjs.org/language-tags/-/language-tags-1.0.9.tgz. Extracting by manifest.
2511 silly tarball no local data for jsx-ast-utils@https://registry.npmjs.org/jsx-ast-utils/-/jsx-ast-utils-3.3.5.tgz. Extracting by manifest.
2512 silly tarball no local data for emoji-regex@https://registry.npmjs.org/emoji-regex/-/emoji-regex-9.2.2.tgz. Extracting by manifest.
2513 silly tarball no local data for axobject-query@https://registry.npmjs.org/axobject-query/-/axobject-query-4.1.0.tgz. Extracting by manifest.
2514 silly tarball no local data for axe-core@https://registry.npmjs.org/axe-core/-/axe-core-4.12.1.tgz. Extracting by manifest.
2515 silly tarball no local data for ast-types-flow@https://registry.npmjs.org/ast-types-flow/-/ast-types-flow-0.0.8.tgz. Extracting by manifest.
2516 silly tarball no local data for aria-query@https://registry.npmjs.org/aria-query/-/aria-query-5.3.2.tgz. Extracting by manifest.
2517 silly tarball no local data for is-symbol@https://registry.npmjs.org/is-symbol/-/is-symbol-1.1.1.tgz. Extracting by manifest.
2518 silly tarball no local data for is-date-object@https://registry.npmjs.org/is-date-object/-/is-date-object-1.1.0.tgz. Extracting by manifest.
2519 silly tarball no local data for possible-typed-array-names@https://registry.npmjs.org/possible-typed-array-names/-/possible-typed-array-names-1.1.0.tgz. Extracting by manifest.
2520 silly tarball no local data for damerau-levenshtein@https://registry.npmjs.org/damerau-levenshtein/-/damerau-levenshtein-1.0.8.tgz. Extracting by manifest.
2521 silly tarball no local data for has-tostringtag@https://registry.npmjs.org/has-tostringtag/-/has-tostringtag-1.0.2.tgz. Extracting by manifest.
2522 silly tarball no local data for which-typed-array@https://registry.npmjs.org/which-typed-array/-/which-typed-array-1.1.22.tgz. Extracting by manifest.
2523 silly tarball no local data for iterator.prototype@https://registry.npmjs.org/iterator.prototype/-/iterator.prototype-1.1.5.tgz. Extracting by manifest.
2524 silly tarball no local data for typed-array-length@https://registry.npmjs.org/typed-array-length/-/typed-array-length-1.0.8.tgz. Extracting by manifest.
2525 silly tarball no local data for unbox-primitive@https://registry.npmjs.org/unbox-primitive/-/unbox-primitive-1.1.0.tgz. Extracting by manifest.
2526 silly tarball no local data for string.prototype.trimstart@https://registry.npmjs.org/string.prototype.trimstart/-/string.prototype.trimstart-1.0.8.tgz. Extracting by manifest.
2527 silly tarball no local data for typed-array-buffer@https://registry.npmjs.org/typed-array-buffer/-/typed-array-buffer-1.0.3.tgz. Extracting by manifest.
2528 silly tarball no local data for typed-array-byte-offset@https://registry.npmjs.org/typed-array-byte-offset/-/typed-array-byte-offset-1.0.4.tgz. Extracting by manifest.
2529 silly tarball no local data for typed-array-byte-length@https://registry.npmjs.org/typed-array-byte-length/-/typed-array-byte-length-1.0.3.tgz. Extracting by manifest.
2530 silly tarball no local data for resolve-pkg-maps@https://registry.npmjs.org/resolve-pkg-maps/-/resolve-pkg-maps-1.0.0.tgz. Extracting by manifest.
2531 silly tarball no local data for set-proto@https://registry.npmjs.org/set-proto/-/set-proto-1.0.0.tgz. Extracting by manifest.
2532 silly tarball no local data for stop-iteration-iterator@https://registry.npmjs.org/stop-iteration-iterator/-/stop-iteration-iterator-1.1.0.tgz. Extracting by manifest.
2533 silly tarball no local data for safe-regex-test@https://registry.npmjs.org/safe-regex-test/-/safe-regex-test-1.1.0.tgz. Extracting by manifest.
2534 silly tarball no local data for string.prototype.trim@https://registry.npmjs.org/string.prototype.trim/-/string.prototype.trim-1.2.11.tgz. Extracting by manifest.
2535 silly tarball no local data for safe-push-apply@https://registry.npmjs.org/safe-push-apply/-/safe-push-apply-1.0.0.tgz. Extracting by manifest.
2536 silly tarball no local data for safe-array-concat@https://registry.npmjs.org/safe-array-concat/-/safe-array-concat-1.1.4.tgz. Extracting by manifest.
2537 silly tarball no local data for own-keys@https://registry.npmjs.org/own-keys/-/own-keys-1.0.2.tgz. Extracting by manifest.
2538 silly tarball no local data for object.assign@https://registry.npmjs.org/object.assign/-/object.assign-4.1.7.tgz. Extracting by manifest.
2539 silly tarball no local data for is-weakref@https://registry.npmjs.org/is-weakref/-/is-weakref-1.1.1.tgz. Extracting by manifest.
2540 silly tarball no local data for is-typed-array@https://registry.npmjs.org/is-typed-array/-/is-typed-array-1.1.15.tgz. Extracting by manifest.
2541 silly tarball no local data for object-inspect@https://registry.npmjs.org/object-inspect/-/object-inspect-1.13.4.tgz. Extracting by manifest.
2542 silly tarball no local data for is-shared-array-buffer@https://registry.npmjs.org/is-shared-array-buffer/-/is-shared-array-buffer-1.0.4.tgz. Extracting by manifest.
2543 silly tarball no local data for is-set@https://registry.npmjs.org/is-set/-/is-set-2.0.3.tgz. Extracting by manifest.
2544 silly tarball no local data for is-regex@https://registry.npmjs.org/is-regex/-/is-regex-1.2.1.tgz. Extracting by manifest.
2545 silly tarball no local data for is-negative-zero@https://registry.npmjs.org/is-negative-zero/-/is-negative-zero-2.0.3.tgz. Extracting by manifest.
2546 silly tarball no local data for is-array-buffer@https://registry.npmjs.org/is-array-buffer/-/is-array-buffer-3.0.5.tgz. Extracting by manifest.
2547 silly tarball no local data for is-data-view@https://registry.npmjs.org/is-data-view/-/is-data-view-1.0.2.tgz. Extracting by manifest.
2548 silly tarball no local data for internal-slot@https://registry.npmjs.org/internal-slot/-/internal-slot-1.1.0.tgz. Extracting by manifest.
2549 silly tarball no local data for is-callable@https://registry.npmjs.org/is-callable/-/is-callable-1.2.7.tgz. Extracting by manifest.
2550 silly tarball no local data for has-proto@https://registry.npmjs.org/has-proto/-/has-proto-1.2.0.tgz. Extracting by manifest.
2551 silly tarball no local data for globalthis@https://registry.npmjs.org/globalthis/-/globalthis-1.0.4.tgz. Extracting by manifest.
2552 silly tarball no local data for has-symbols@https://registry.npmjs.org/has-symbols/-/has-symbols-1.1.0.tgz. Extracting by manifest.
2553 silly tarball no local data for get-proto@https://registry.npmjs.org/get-proto/-/get-proto-1.0.1.tgz. Extracting by manifest.
2554 silly tarball no local data for function.prototype.name@https://registry.npmjs.org/function.prototype.name/-/function.prototype.name-1.2.0.tgz. Extracting by manifest.
2555 silly tarball no local data for es-to-primitive@https://registry.npmjs.org/es-to-primitive/-/es-to-primitive-1.3.4.tgz. Extracting by manifest.
2556 silly tarball no local data for regexp.prototype.flags@https://registry.npmjs.org/regexp.prototype.flags/-/regexp.prototype.flags-1.5.4.tgz. Extracting by manifest.
2557 silly tarball no local data for es-set-tostringtag@https://registry.npmjs.org/es-set-tostringtag/-/es-set-tostringtag-2.1.0.tgz. Extracting by manifest.
2558 silly tarball no local data for data-view-byte-length@https://registry.npmjs.org/data-view-byte-length/-/data-view-byte-length-1.0.2.tgz. Extracting by manifest.
2559 silly tarball no local data for data-view-buffer@https://registry.npmjs.org/data-view-buffer/-/data-view-buffer-1.0.2.tgz. Extracting by manifest.
2560 silly tarball no local data for data-view-byte-offset@https://registry.npmjs.org/data-view-byte-offset/-/data-view-byte-offset-1.0.1.tgz. Extracting by manifest.
2561 silly tarball no local data for es-abstract-get@https://registry.npmjs.org/es-abstract-get/-/es-abstract-get-1.0.0.tgz. Extracting by manifest.
2562 silly tarball no local data for available-typed-arrays@https://registry.npmjs.org/available-typed-arrays/-/available-typed-arrays-1.0.7.tgz. Extracting by manifest.
2563 silly tarball no local data for arraybuffer.prototype.slice@https://registry.npmjs.org/arraybuffer.prototype.slice/-/arraybuffer.prototype.slice-1.0.4.tgz. Extracting by manifest.
2564 silly tarball no local data for array-buffer-byte-length@https://registry.npmjs.org/array-buffer-byte-length/-/array-buffer-byte-length-1.0.2.tgz. Extracting by manifest.
2565 silly tarball no local data for gopd@https://registry.npmjs.org/gopd/-/gopd-1.2.0.tgz. Extracting by manifest.
2566 silly tarball no local data for object-keys@https://registry.npmjs.org/object-keys/-/object-keys-1.1.1.tgz. Extracting by manifest.
2567 silly tarball no local data for get-symbol-description@https://registry.npmjs.org/get-symbol-description/-/get-symbol-description-1.1.0.tgz. Extracting by manifest.
2568 silly tarball no local data for has-property-descriptors@https://registry.npmjs.org/has-property-descriptors/-/has-property-descriptors-1.0.2.tgz. Extracting by manifest.
2569 silly tarball no local data for define-data-property@https://registry.npmjs.org/define-data-property/-/define-data-property-1.1.4.tgz. Extracting by manifest.
2570 silly tarball no local data for es-define-property@https://registry.npmjs.org/es-define-property/-/es-define-property-1.0.1.tgz. Extracting by manifest.
2571 silly tarball no local data for set-function-length@https://registry.npmjs.org/set-function-length/-/set-function-length-1.2.2.tgz. Extracting by manifest.
2572 silly tarball no local data for call-bind-apply-helpers@https://registry.npmjs.org/call-bind-apply-helpers/-/call-bind-apply-helpers-1.0.2.tgz. Extracting by manifest.
2573 silly tarball no local data for es-shim-unscopables@https://registry.npmjs.org/es-shim-unscopables/-/es-shim-unscopables-1.1.0.tgz. Extracting by manifest.
2574 silly tarball no local data for function-bind@https://registry.npmjs.org/function-bind/-/function-bind-1.1.2.tgz. Extracting by manifest.
2575 silly tarball no local data for es-errors@https://registry.npmjs.org/es-errors/-/es-errors-1.3.0.tgz. Extracting by manifest.
2576 silly tarball no local data for is-string@https://registry.npmjs.org/is-string/-/is-string-1.1.1.tgz. Extracting by manifest.
2577 silly tarball no local data for math-intrinsics@https://registry.npmjs.org/math-intrinsics/-/math-intrinsics-1.1.0.tgz. Extracting by manifest.
2578 silly tarball no local data for get-intrinsic@https://registry.npmjs.org/get-intrinsic/-/get-intrinsic-1.3.0.tgz. Extracting by manifest.
2579 silly tarball no local data for es-object-atoms@https://registry.npmjs.org/es-object-atoms/-/es-object-atoms-1.1.2.tgz. Extracting by manifest.
2580 silly tarball no local data for define-properties@https://registry.npmjs.org/define-properties/-/define-properties-1.2.1.tgz. Extracting by manifest.
2581 silly tarball no local data for es-abstract@https://registry.npmjs.org/es-abstract/-/es-abstract-1.24.2.tgz. Extracting by manifest.
2582 silly tarball no local data for call-bind@https://registry.npmjs.org/call-bind/-/call-bind-1.0.9.tgz. Extracting by manifest.
2583 silly tarball no local data for call-bound@https://registry.npmjs.org/call-bound/-/call-bound-1.0.4.tgz. Extracting by manifest.
2584 silly tarball no local data for tsconfig-paths@https://registry.npmjs.org/tsconfig-paths/-/tsconfig-paths-3.15.0.tgz. Extracting by manifest.
2585 silly tarball no local data for string.prototype.trimend@https://registry.npmjs.org/string.prototype.trimend/-/string.prototype.trimend-1.0.10.tgz. Extracting by manifest.
2586 silly tarball no local data for object.groupby@https://registry.npmjs.org/object.groupby/-/object.groupby-1.0.3.tgz. Extracting by manifest.
2587 silly tarball no local data for object.values@https://registry.npmjs.org/object.values/-/object.values-1.2.1.tgz. Extracting by manifest.
2588 silly tarball no local data for object.fromentries@https://registry.npmjs.org/object.fromentries/-/object.fromentries-2.0.8.tgz. Extracting by manifest.
2589 silly tarball no local data for hasown@https://registry.npmjs.org/hasown/-/hasown-2.0.4.tgz. Extracting by manifest.
2590 silly tarball no local data for array.prototype.flatmap@https://registry.npmjs.org/array.prototype.flatmap/-/array.prototype.flatmap-1.3.3.tgz. Extracting by manifest.
2591 silly tarball no local data for array.prototype.flat@https://registry.npmjs.org/array.prototype.flat/-/array.prototype.flat-1.3.3.tgz. Extracting by manifest.
2592 silly tarball no local data for eslint-module-utils@https://registry.npmjs.org/eslint-module-utils/-/eslint-module-utils-2.14.0.tgz. Extracting by manifest.
2593 silly tarball no local data for array-includes@https://registry.npmjs.org/array-includes/-/array-includes-3.1.9.tgz. Extracting by manifest.
2594 silly tarball no local data for array.prototype.findlastindex@https://registry.npmjs.org/array.prototype.findlastindex/-/array.prototype.findlastindex-1.2.6.tgz. Extracting by manifest.
2595 silly tarball no local data for stable-hash@https://registry.npmjs.org/stable-hash/-/stable-hash-0.0.5.tgz. Extracting by manifest.
2596 silly tarball no local data for @rtsao/scc@https://registry.npmjs.org/@rtsao/scc/-/scc-1.1.0.tgz. Extracting by manifest.
2597 silly tarball no local data for is-bun-module@https://registry.npmjs.org/is-bun-module/-/is-bun-module-2.0.0.tgz. Extracting by manifest.
2598 silly tarball no local data for get-tsconfig@https://registry.npmjs.org/get-tsconfig/-/get-tsconfig-4.14.0.tgz. Extracting by manifest.
2599 silly tarball no local data for unrs-resolver@https://registry.npmjs.org/unrs-resolver/-/unrs-resolver-1.12.2.tgz. Extracting by manifest.
2600 silly tarball no local data for resolve@https://registry.npmjs.org/resolve/-/resolve-2.0.0-next.7.tgz. Extracting by manifest.
2601 silly tarball no local data for tinyglobby@https://registry.npmjs.org/tinyglobby/-/tinyglobby-0.2.17.tgz. Extracting by manifest.
2602 silly tarball no local data for @nolyfill/is-core-module@https://registry.npmjs.org/@nolyfill/is-core-module/-/is-core-module-1.0.39.tgz. Extracting by manifest.
2603 silly tarball no local data for semver@https://registry.npmjs.org/semver/-/semver-7.8.5.tgz. Extracting by manifest.
2604 silly tarball no local data for @typescript-eslint/tsconfig-utils@https://registry.npmjs.org/@typescript-eslint/tsconfig-utils/-/tsconfig-utils-8.65.0.tgz. Extracting by manifest.
2605 silly tarball no local data for is-core-module@https://registry.npmjs.org/is-core-module/-/is-core-module-2.16.2.tgz. Extracting by manifest.
2606 silly tarball no local data for @typescript-eslint/project-service@https://registry.npmjs.org/@typescript-eslint/project-service/-/project-service-8.65.0.tgz. Extracting by manifest.
2607 silly tarball no local data for @typescript-eslint/typescript-estree@https://registry.npmjs.org/@typescript-eslint/typescript-estree/-/typescript-estree-8.65.0.tgz. Extracting by manifest.
2608 silly tarball no local data for ts-api-utils@https://registry.npmjs.org/ts-api-utils/-/ts-api-utils-2.5.0.tgz. Extracting by manifest.
2609 silly tarball no local data for @typescript-eslint/types@https://registry.npmjs.org/@typescript-eslint/types/-/types-8.65.0.tgz. Extracting by manifest.
2610 silly tarball no local data for @typescript-eslint/type-utils@https://registry.npmjs.org/@typescript-eslint/type-utils/-/type-utils-8.65.0.tgz. Extracting by manifest.
2611 silly tarball no local data for @typescript-eslint/utils@https://registry.npmjs.org/@typescript-eslint/utils/-/utils-8.65.0.tgz. Extracting by manifest.
2612 silly tarball no local data for @typescript-eslint/visitor-keys@https://registry.npmjs.org/@typescript-eslint/visitor-keys/-/visitor-keys-8.65.0.tgz. Extracting by manifest.
2613 silly tarball no local data for eslint-plugin-react-hooks@https://registry.npmjs.org/eslint-plugin-react-hooks/-/eslint-plugin-react-hooks-5.0.0-canary-7118f5dd7-20230705.tgz. Extracting by manifest.
2614 silly tarball no local data for @typescript-eslint/scope-manager@https://registry.npmjs.org/@typescript-eslint/scope-manager/-/scope-manager-8.65.0.tgz. Extracting by manifest.
2615 silly tarball no local data for glob@https://registry.npmjs.org/glob/-/glob-10.3.10.tgz. Extracting by manifest.
2616 silly tarball no local data for eslint-plugin-react@https://registry.npmjs.org/eslint-plugin-react/-/eslint-plugin-react-7.37.5.tgz. Extracting by manifest.
2617 silly tarball no local data for eslint-import-resolver-typescript@https://registry.npmjs.org/eslint-import-resolver-typescript/-/eslint-import-resolver-typescript-3.10.1.tgz. Extracting by manifest.
2618 silly tarball no local data for eslint-plugin-jsx-a11y@https://registry.npmjs.org/eslint-plugin-jsx-a11y/-/eslint-plugin-jsx-a11y-6.10.2.tgz. Extracting by manifest.
2619 silly tarball no local data for eslint-plugin-import@https://registry.npmjs.org/eslint-plugin-import/-/eslint-plugin-import-2.32.0.tgz. Extracting by manifest.
2620 silly tarball no local data for eslint-import-resolver-node@https://registry.npmjs.org/eslint-import-resolver-node/-/eslint-import-resolver-node-0.3.10.tgz. Extracting by manifest.
2621 silly tarball no local data for @typescript-eslint/eslint-plugin@https://registry.npmjs.org/@typescript-eslint/eslint-plugin/-/eslint-plugin-8.65.0.tgz. Extracting by manifest.
2622 silly tarball no local data for @typescript-eslint/parser@https://registry.npmjs.org/@typescript-eslint/parser/-/parser-8.65.0.tgz. Extracting by manifest.
2623 silly tarball no local data for @rushstack/eslint-patch@https://registry.npmjs.org/@rushstack/eslint-patch/-/eslint-patch-1.16.1.tgz. Extracting by manifest.
2624 silly tarball no local data for @next/eslint-plugin-next@https://registry.npmjs.org/@next/eslint-plugin-next/-/eslint-plugin-next-14.2.35.tgz. Extracting by manifest.
2625 silly tarball no local data for which@https://registry.npmjs.org/which/-/which-2.0.2.tgz. Extracting by manifest.
2626 silly tarball no local data for shebang-command@https://registry.npmjs.org/shebang-command/-/shebang-command-2.0.0.tgz. Extracting by manifest.
2627 silly tarball no local data for path-key@https://registry.npmjs.org/path-key/-/path-key-3.1.1.tgz. Extracting by manifest.
2628 silly tarball no local data for supports-color@https://registry.npmjs.org/supports-color/-/supports-color-7.2.0.tgz. Extracting by manifest.
2629 silly tarball no local data for color-name@https://registry.npmjs.org/color-name/-/color-name-1.1.4.tgz. Extracting by manifest.
2630 silly tarball no local data for color-convert@https://registry.npmjs.org/color-convert/-/color-convert-2.0.1.tgz. Extracting by manifest.
2631 silly tarball no local data for uri-js@https://registry.npmjs.org/uri-js/-/uri-js-4.4.1.tgz. Extracting by manifest.
2632 silly tarball no local data for ansi-styles@https://registry.npmjs.org/ansi-styles/-/ansi-styles-4.3.0.tgz. Extracting by manifest.
2633 silly tarball no local data for fast-json-stable-stringify@https://registry.npmjs.org/fast-json-stable-stringify/-/fast-json-stable-stringify-2.1.0.tgz. Extracting by manifest.
2634 silly tarball no local data for run-parallel@https://registry.npmjs.org/run-parallel/-/run-parallel-1.2.0.tgz. Extracting by manifest.
2635 silly tarball no local data for fastq@https://registry.npmjs.org/fastq/-/fastq-1.20.1.tgz. Extracting by manifest.
2636 silly tarball no local data for @nodelib/fs.scandir@https://registry.npmjs.org/@nodelib/fs.scandir/-/fs.scandir-2.1.5.tgz. Extracting by manifest.
2637 silly tarball no local data for @humanwhocodes/object-schema@https://registry.npmjs.org/@humanwhocodes/object-schema/-/object-schema-2.0.3.tgz. Extracting by manifest.
2638 silly tarball no local data for strip-json-comments@https://registry.npmjs.org/strip-json-comments/-/strip-json-comments-3.1.1.tgz. Extracting by manifest.
2639 silly tarball no local data for json-schema-traverse@https://registry.npmjs.org/json-schema-traverse/-/json-schema-traverse-0.4.1.tgz. Extracting by manifest.
2640 silly tarball no local data for text-table@https://registry.npmjs.org/text-table/-/text-table-0.2.0.tgz. Extracting by manifest.
2641 silly tarball no local data for optionator@https://registry.npmjs.org/optionator/-/optionator-0.9.4.tgz. Extracting by manifest.
2642 silly tarball no local data for @nodelib/fs.stat@https://registry.npmjs.org/@nodelib/fs.stat/-/fs.stat-2.0.5.tgz. Extracting by manifest.
2643 silly tarball no local data for strip-ansi@https://registry.npmjs.org/strip-ansi/-/strip-ansi-6.0.1.tgz. Extracting by manifest.
2644 silly tarball no local data for natural-compare@https://registry.npmjs.org/natural-compare/-/natural-compare-1.4.0.tgz. Extracting by manifest.
2645 silly tarball no local data for minimatch@https://registry.npmjs.org/minimatch/-/minimatch-3.1.5.tgz. Extracting by manifest.
2646 silly tarball no local data for lodash.merge@https://registry.npmjs.org/lodash.merge/-/lodash.merge-4.6.2.tgz. Extracting by manifest.
2647 silly tarball no local data for json-stable-stringify-without-jsonify@https://registry.npmjs.org/json-stable-stringify-without-jsonify/-/json-stable-stringify-without-jsonify-1.0.1.tgz. Extracting by manifest.
2648 silly tarball no local data for levn@https://registry.npmjs.org/levn/-/levn-0.4.1.tgz. Extracting by manifest.
2649 silly tarball no local data for is-path-inside@https://registry.npmjs.org/is-path-inside/-/is-path-inside-3.0.3.tgz. Extracting by manifest.
2650 silly tarball no local data for is-glob@https://registry.npmjs.org/is-glob/-/is-glob-4.0.3.tgz. Extracting by manifest.
2651 silly tarball no local data for js-yaml@https://registry.npmjs.org/js-yaml/-/js-yaml-4.3.0.tgz. Extracting by manifest.
2652 silly tarball no local data for imurmurhash@https://registry.npmjs.org/imurmurhash/-/imurmurhash-0.1.4.tgz. Extracting by manifest.
2653 silly tarball no local data for ignore@https://registry.npmjs.org/ignore/-/ignore-5.3.2.tgz. Extracting by manifest.
2654 silly tarball no local data for graphemer@https://registry.npmjs.org/graphemer/-/graphemer-1.4.0.tgz. Extracting by manifest.
2655 silly tarball no local data for ms@https://registry.npmjs.org/ms/-/ms-2.1.3.tgz. Extracting by manifest.
2656 silly tarball no local data for find-up@https://registry.npmjs.org/find-up/-/find-up-5.0.0.tgz. Extracting by manifest.
2657 silly tarball no local data for globals@https://registry.npmjs.org/globals/-/globals-13.24.0.tgz. Extracting by manifest.
2658 silly tarball no local data for file-entry-cache@https://registry.npmjs.org/file-entry-cache/-/file-entry-cache-6.0.1.tgz. Extracting by manifest.
2659 silly tarball no local data for fast-deep-equal@https://registry.npmjs.org/fast-deep-equal/-/fast-deep-equal-3.1.3.tgz. Extracting by manifest.
2660 silly tarball no local data for glob-parent@https://registry.npmjs.org/glob-parent/-/glob-parent-6.0.2.tgz. Extracting by manifest.
2661 silly tarball no local data for esutils@https://registry.npmjs.org/esutils/-/esutils-2.0.3.tgz. Extracting by manifest.
2662 silly tarball no local data for espree@https://registry.npmjs.org/espree/-/espree-9.6.1.tgz. Extracting by manifest.
2663 silly tarball no local data for eslint-visitor-keys@https://registry.npmjs.org/eslint-visitor-keys/-/eslint-visitor-keys-3.4.3.tgz. Extracting by manifest.
2664 silly tarball no local data for escape-string-regexp@https://registry.npmjs.org/escape-string-regexp/-/escape-string-regexp-4.0.0.tgz. Extracting by manifest.
2665 silly tarball no local data for cross-spawn@https://registry.npmjs.org/cross-spawn/-/cross-spawn-7.0.6.tgz. Extracting by manifest.
2666 silly tarball no local data for eslint-scope@https://registry.npmjs.org/eslint-scope/-/eslint-scope-7.2.2.tgz. Extracting by manifest.
2667 silly tarball no local data for doctrine@https://registry.npmjs.org/doctrine/-/doctrine-3.0.0.tgz. Extracting by manifest.
2668 silly tarball no local data for import-fresh@https://registry.npmjs.org/import-fresh/-/import-fresh-3.3.1.tgz. Extracting by manifest.
2669 silly tarball no local data for chalk@https://registry.npmjs.org/chalk/-/chalk-4.1.2.tgz. Extracting by manifest.
2670 silly tarball no local data for ajv@https://registry.npmjs.org/ajv/-/ajv-6.15.0.tgz. Extracting by manifest.
2671 silly tarball no local data for debug@https://registry.npmjs.org/debug/-/debug-4.4.3.tgz. Extracting by manifest.
2672 silly tarball no local data for @eslint/js@https://registry.npmjs.org/@eslint/js/-/js-8.57.1.tgz. Extracting by manifest.
2673 silly tarball no local data for @humanwhocodes/config-array@https://registry.npmjs.org/@humanwhocodes/config-array/-/config-array-0.13.0.tgz. Extracting by manifest.
2674 silly tarball no local data for @eslint-community/regexpp@https://registry.npmjs.org/@eslint-community/regexpp/-/regexpp-4.12.2.tgz. Extracting by manifest.
2675 silly tarball no local data for @eslint/eslintrc@https://registry.npmjs.org/@eslint/eslintrc/-/eslintrc-2.1.4.tgz. Extracting by manifest.
2676 silly tarball no local data for @nodelib/fs.walk@https://registry.npmjs.org/@nodelib/fs.walk/-/fs.walk-1.2.8.tgz. Extracting by manifest.
2677 silly tarball no local data for @ungap/structured-clone@https://registry.npmjs.org/@ungap/structured-clone/-/structured-clone-1.3.3.tgz. Extracting by manifest.
2678 silly tarball no local data for csstype@https://registry.npmjs.org/csstype/-/csstype-3.2.3.tgz. Extracting by manifest.
2679 silly tarball no local data for @types/prop-types@https://registry.npmjs.org/@types/prop-types/-/prop-types-15.7.15.tgz. Extracting by manifest.
2680 silly tarball no local data for esquery@https://registry.npmjs.org/esquery/-/esquery-1.7.0.tgz. Extracting by manifest.
2681 silly tarball no local data for iceberg-js@https://registry.npmjs.org/iceberg-js/-/iceberg-js-0.8.1.tgz. Extracting by manifest.
2682 silly tarball no local data for @supabase/phoenix@https://registry.npmjs.org/@supabase/phoenix/-/phoenix-0.4.5.tgz. Extracting by manifest.
2683 silly tarball no local data for tslib@https://registry.npmjs.org/tslib/-/tslib-2.8.1.tgz. Extracting by manifest.
2684 silly tarball no local data for @supabase/realtime-js@https://registry.npmjs.org/@supabase/realtime-js/-/realtime-js-2.110.9.tgz. Extracting by manifest.
2685 silly tarball no local data for @supabase/postgrest-js@https://registry.npmjs.org/@supabase/postgrest-js/-/postgrest-js-2.110.9.tgz. Extracting by manifest.
2686 silly tarball no local data for typescript@https://registry.npmjs.org/typescript/-/typescript-5.9.3.tgz. Extracting by manifest.
2687 silly tarball no local data for @supabase/functions-js@https://registry.npmjs.org/@supabase/functions-js/-/functions-js-2.110.9.tgz. Extracting by manifest.
2688 silly tarball no local data for @supabase/auth-js@https://registry.npmjs.org/@supabase/auth-js/-/auth-js-2.110.9.tgz. Extracting by manifest.
2689 silly tarball no local data for react-dom@https://registry.npmjs.org/react-dom/-/react-dom-18.3.1.tgz. Extracting by manifest.
2690 silly tarball no local data for react@https://registry.npmjs.org/react/-/react-18.3.1.tgz. Extracting by manifest.
2691 silly tarball no local data for next@https://registry.npmjs.org/next/-/next-14.2.35.tgz. Extracting by manifest.
2692 silly tarball no local data for eslint-config-next@https://registry.npmjs.org/eslint-config-next/-/eslint-config-next-14.2.35.tgz. Extracting by manifest.
2693 silly tarball no local data for eslint@https://registry.npmjs.org/eslint/-/eslint-8.57.1.tgz. Extracting by manifest.
2694 silly tarball no local data for @eslint-community/eslint-utils@https://registry.npmjs.org/@eslint-community/eslint-utils/-/eslint-utils-4.10.1.tgz. Extracting by manifest.
2695 silly tarball no local data for @humanwhocodes/module-importer@https://registry.npmjs.org/@humanwhocodes/module-importer/-/module-importer-1.0.1.tgz. Extracting by manifest.
2696 silly tarball no local data for @supabase/supabase-js@https://registry.npmjs.org/@supabase/supabase-js/-/supabase-js-2.110.9.tgz. Extracting by manifest.
2697 silly tarball no local data for emoji-regex@https://registry.npmjs.org/emoji-regex/-/emoji-regex-8.0.0.tgz. Extracting by manifest.
2698 silly tarball no local data for @types/node@https://registry.npmjs.org/@types/node/-/node-20.19.43.tgz. Extracting by manifest.
2699 silly tarball no local data for semver@https://registry.npmjs.org/semver/-/semver-6.3.1.tgz. Extracting by manifest.
2700 silly tarball no local data for @types/react@https://registry.npmjs.org/@types/react/-/react-18.3.31.tgz. Extracting by manifest.
2701 silly tarball no local data for string-width@https://registry.npmjs.org/string-width/-/string-width-4.2.3.tgz. Extracting by manifest.
2702 silly tarball no local data for ansi-regex@https://registry.npmjs.org/ansi-regex/-/ansi-regex-6.2.2.tgz. Extracting by manifest.
2703 silly tarball no local data for strip-ansi@https://registry.npmjs.org/strip-ansi/-/strip-ansi-7.2.0.tgz. Extracting by manifest.
2704 silly tarball no local data for @types/react-dom@https://registry.npmjs.org/@types/react-dom/-/react-dom-18.3.7.tgz. Extracting by manifest.
2705 silly tarball no local data for ansi-regex@https://registry.npmjs.org/ansi-regex/-/ansi-regex-6.2.2.tgz. Extracting by manifest.
2706 silly tarball no local data for strip-ansi@https://registry.npmjs.org/strip-ansi/-/strip-ansi-7.2.0.tgz. Extracting by manifest.
2707 silly tarball no local data for ansi-styles@https://registry.npmjs.org/ansi-styles/-/ansi-styles-6.2.3.tgz. Extracting by manifest.
2708 silly tarball no local data for ansi-regex@https://registry.npmjs.org/ansi-regex/-/ansi-regex-6.2.2.tgz. Extracting by manifest.
2709 silly tarball no local data for emoji-regex@https://registry.npmjs.org/emoji-regex/-/emoji-regex-8.0.0.tgz. Extracting by manifest.
2710 silly tarball no local data for strip-ansi@https://registry.npmjs.org/strip-ansi/-/strip-ansi-7.2.0.tgz. Extracting by manifest.
2711 silly tarball no local data for glob@https://registry.npmjs.org/glob/-/glob-7.2.3.tgz. Extracting by manifest.
2712 silly tarball no local data for @supabase/storage-js@https://registry.npmjs.org/@supabase/storage-js/-/storage-js-2.110.9.tgz. Extracting by manifest.
2713 silly tarball no local data for balanced-match@https://registry.npmjs.org/balanced-match/-/balanced-match-4.0.4.tgz. Extracting by manifest.
2714 silly tarball no local data for minimatch@https://registry.npmjs.org/minimatch/-/minimatch-10.2.6.tgz. Extracting by manifest.
2715 silly tarball no local data for eslint-visitor-keys@https://registry.npmjs.org/eslint-visitor-keys/-/eslint-visitor-keys-5.0.1.tgz. Extracting by manifest.
2716 silly tarball no local data for undici-types@https://registry.npmjs.org/undici-types/-/undici-types-6.21.0.tgz. Extracting by manifest.
2717 silly tarball no local data for brace-expansion@https://registry.npmjs.org/brace-expansion/-/brace-expansion-2.1.2.tgz. Extracting by manifest.
2718 silly tarball no local data for debug@https://registry.npmjs.org/debug/-/debug-3.2.7.tgz. Extracting by manifest.
2719 silly tarball no local data for semver@https://registry.npmjs.org/semver/-/semver-6.3.1.tgz. Extracting by manifest.
2720 silly tarball no local data for minimatch@https://registry.npmjs.org/minimatch/-/minimatch-9.0.9.tgz. Extracting by manifest.
2721 silly tarball no local data for doctrine@https://registry.npmjs.org/doctrine/-/doctrine-2.1.0.tgz. Extracting by manifest.
2722 silly tarball no local data for doctrine@https://registry.npmjs.org/doctrine/-/doctrine-2.1.0.tgz. Extracting by manifest.
2723 silly tarball no local data for debug@https://registry.npmjs.org/debug/-/debug-3.2.7.tgz. Extracting by manifest.
2724 silly tarball no local data for brace-expansion@https://registry.npmjs.org/brace-expansion/-/brace-expansion-5.0.8.tgz. Extracting by manifest.
2725 silly tarball no local data for semver@https://registry.npmjs.org/semver/-/semver-6.3.1.tgz. Extracting by manifest.
2726 silly tarball no local data for debug@https://registry.npmjs.org/debug/-/debug-3.2.7.tgz. Extracting by manifest.
2727 silly tarball no local data for ignore@https://registry.npmjs.org/ignore/-/ignore-7.0.6.tgz. Extracting by manifest.
2728 http fetch POST 200 https://registry.npmjs.org/-/npm/v1/security/advisories/bulk 253ms
2729 silly audit report {
2729 silly audit report   next: [
2729 silly audit report     {
2729 silly audit report       id: 1117931,
2729 silly audit report       url: 'https://github.com/advisories/GHSA-8h8q-6873-q5fj',
2729 silly audit report       title: 'Next.js Vulnerable to Denial of Service with Server Components',
2729 silly audit report       severity: 'high',
2729 silly audit report       vulnerable_versions: '>=13.0.0 <15.5.16',
2729 silly audit report       cwe: [Array],
2729 silly audit report       cvss: [Object]
2729 silly audit report     },
2729 silly audit report     {
2729 silly audit report       id: 1118942,
2729 silly audit report       url: 'https://github.com/advisories/GHSA-3g8h-86w9-wvmq',
2729 silly audit report       title: "Next.js's Middleware / Proxy redirects can be cache-poisoned",
2729 silly audit report       severity: 'low',
2729 silly audit report       vulnerable_versions: '>=12.2.0 <15.5.16',
2729 silly audit report       cwe: [Array],
2729 silly audit report       cvss: [Object]
2729 silly audit report     },
2729 silly audit report     {
2729 silly audit report       id: 1118944,
2729 silly audit report       url: 'https://github.com/advisories/GHSA-ffhc-5mcf-pf4q',
2729 silly audit report       title: 'Next.js vulnerable to cross-site scripting in App Router applications using CSP nonces',
2729 silly audit report       severity: 'moderate',
2729 silly audit report       vulnerable_versions: '>=13.4.0 <15.5.16',
2729 silly audit report       cwe: [Array],
2729 silly audit report       cvss: [Object]
2729 silly audit report     },
2729 silly audit report     {
2729 silly audit report       id: 1118946,
2729 silly audit report       url: 'https://github.com/advisories/GHSA-vfv6-92ff-j949',
2729 silly audit report       title: 'Next.js vulnerable to cache poisoning via collisions in React Server Component cache-busting',
2729 silly audit report       severity: 'low',
2729 silly audit report       vulnerable_versions: '>=13.4.6 <15.5.16',
2729 silly audit report       cwe: [Array],
2729 silly audit report       cvss: [Object]
2729 silly audit report     },
2729 silly audit report     {
2729 silly audit report       id: 1118948,
2729 silly audit report       url: 'https://github.com/advisories/GHSA-gx5p-jg67-6x7h',
2729 silly audit report       title: 'Next.js has cross-site scripting in beforeInteractive scripts with untrusted input',
2729 silly audit report       severity: 'moderate',
2729 silly audit report       vulnerable_versions: '>=13.0.0 <15.5.16',
2729 silly audit report       cwe: [Array],
2729 silly audit report       cvss: [Object]
2729 silly audit report     },
2729 silly audit report     {
2729 silly audit report       id: 1118952,
2729 silly audit report       url: 'https://github.com/advisories/GHSA-h64f-5h5j-jqjh',
2729 silly audit report       title: 'Next.js has a Denial of Service in the Image Optimization API',
2729 silly audit report       severity: 'moderate',
2729 silly audit report       vulnerable_versions: '>=10.0.0 <15.5.16',
2729 silly audit report       cwe: [Array],
2729 silly audit report       cvss: [Object]
2729 silly audit report     },
2729 silly audit report     {
2729 silly audit report       id: 1118954,
2729 silly audit report       url: 'https://github.com/advisories/GHSA-c4j6-fc7j-m34r',
2729 silly audit report       title: 'Next.js vulnerable to server-side request forgery in applications using WebSocket upgrades',
2729 silly audit report       severity: 'high',
2729 silly audit report       vulnerable_versions: '>=13.4.13 <15.5.16',
2729 silly audit report       cwe: [Array],
2729 silly audit report       cvss: [Object]
2729 silly audit report     },
2729 silly audit report     {
2729 silly audit report       id: 1118958,
2729 silly audit report       url: 'https://github.com/advisories/GHSA-wfc6-r584-vfw7',
2729 silly audit report       title: 'Next.js vulnerable to cache poisoning in React Server Component responses',
2729 silly audit report       severity: 'moderate',
2729 silly audit report       vulnerable_versions: '>=14.2.0 <15.5.16',
2729 silly audit report       cwe: [Array],
2729 silly audit report       cvss: [Object]
2729 silly audit report     },
2729 silly audit report     {
2729 silly audit report       id: 1118962,
2729 silly audit report       url: 'https://github.com/advisories/GHSA-36qx-fr4f-26g5',
2729 silly audit report       title: 'Next.js has a Middleware / Proxy bypass in Pages Router applications using i18n',
2729 silly audit report       severity: 'high',
2729 silly audit report       vulnerable_versions: '>=12.2.0 <15.5.16',
2729 silly audit report       cwe: [Array],
2729 silly audit report       cvss: [Object]
2729 silly audit report     },
2729 silly audit report     {
2729 silly audit report       id: 1112593,
2729 silly audit report       url: 'https://github.com/advisories/GHSA-9g9p-9gw9-jx7f',
2729 silly audit report       title: 'Next.js self-hosted applications vulnerable to DoS via Image Optimizer remotePatterns configuration',
2729 silly audit report       severity: 'moderate',
2729 silly audit report       vulnerable_versions: '>=10.0.0 <15.5.10',
2729 silly audit report       cwe: [Array],
2729 silly audit report       cvss: [Object]
2729 silly audit report     },
2729 silly audit report     {
2729 silly audit report       id: 1112653,
2729 silly audit report       url: 'https://github.com/advisories/GHSA-h25m-26qc-wcjf',
2729 silly audit report       title: 'Next.js HTTP request deserialization can lead to DoS when using insecure React Server Components',
2729 silly audit report       severity: 'high',
2729 silly audit report       vulnerable_versions: '>=13.0.0 <15.0.8',
2729 silly audit report       cwe: [Array],
2729 silly audit report       cvss: [Object]
2729 silly audit report     },
2729 silly audit report     {
2729 silly audit report       id: 1114897,
2729 silly audit report       url: 'https://github.com/advisories/GHSA-ggv3-7p47-pfv8',
2729 silly audit report       title: 'Next.js: HTTP request smuggling in rewrites',
2729 silly audit report       severity: 'moderate',
2729 silly audit report       vulnerable_versions: '>=9.5.0 <15.5.13',
2729 silly audit report       cwe: [Array],
2729 silly audit report       cvss: [Object]
2729 silly audit report     },
2729 silly audit report     {
2729 silly audit report       id: 1114940,
2729 silly audit report       url: 'https://github.com/advisories/GHSA-3x4c-7xq6-9pq8',
2729 silly audit report       title: 'Next.js: Unbounded next/image disk cache growth can exhaust storage',
2729 silly audit report       severity: 'moderate',
2729 silly audit report       vulnerable_versions: '>=10.0.0 <15.5.14',
2729 silly audit report       cwe: [Array],
2729 silly audit report       cvss: [Object]
2729 silly audit report     },
2729 silly audit report     {
2729 silly audit report       id: 1116376,
2729 silly audit report       url: 'https://github.com/advisories/GHSA-q4gf-8mx6-v5v3',
2729 silly audit report       title: 'Next.js has a Denial of Service with Server Components',
2729 silly audit report       severity: 'high',
2729 silly audit report       vulnerable_versions: '>=13.0.0 <15.5.15',
2729 silly audit report       cwe: [Array],
2729 silly audit report       cvss: [Object]
2729 silly audit report     },
2729 silly audit report     {
2729 silly audit report       id: 1124185,
2729 silly audit report       url: 'https://github.com/advisories/GHSA-89xv-2m56-2m9x',
2729 silly audit report       title: 'Next.js: Server-Side Request Forgery in Server Actions on custom servers',
2729 silly audit report       severity: 'high',
2729 silly audit report       vulnerable_versions: '>=14.1.1 <15.5.21',
2729 silly audit report       cwe: [Array],
2729 silly audit report       cvss: [Object]
2729 silly audit report     },
2729 silly audit report     {
2729 silly audit report       id: 1124172,
2729 silly audit report       url: 'https://github.com/advisories/GHSA-m99w-x7hq-7vfj',
2729 silly audit report       title: 'Next.js: Denial of Service in App Router using Server Actions',
2729 silly audit report       severity: 'high',
2729 silly audit report       vulnerable_versions: '>=13.0.0 <15.5.21',
2729 silly audit report       cwe: [Array],
2729 silly audit report       cvss: [Object]
2729 silly audit report     },
2729 silly audit report     {
2729 silly audit report       id: 1124187,
2729 silly audit report       url: 'https://github.com/advisories/GHSA-68g3-v927-f742',
2729 silly audit report       title: 'Next.js: Cache confusion of response bodies for requests with bodies',
2729 silly audit report       severity: 'moderate',
2729 silly audit report       vulnerable_versions: '>=13.0.0 <15.5.21',
2729 silly audit report       cwe: [Array],
2729 silly audit report       cvss: [Object]
2729 silly audit report     },
2729 silly audit report     {
2729 silly audit report       id: 1124189,
2729 silly audit report       url: 'https://github.com/advisories/GHSA-4633-3j49-mh5q',
2729 silly audit report       title: 'Next.js: Cache confusion of response bodies for requests with bodies containing invalid UTF-8 byte sequences',
2729 silly audit report       severity: 'moderate',
2729 silly audit report       vulnerable_versions: '>=13.0.0 <15.5.21',
2729 silly audit report       cwe: [Array],
2729 silly audit report       cvss: [Object]
2729 silly audit report     },
2729 silly audit report     {
2729 silly audit report       id: 1124191,
2729 silly audit report       url: 'https://github.com/advisories/GHSA-4c39-4ccg-62r3',
2729 silly audit report       title: 'Next.js: Unbounded Server Action payload in Edge runtime',
2729 silly audit report       severity: 'moderate',
2729 silly audit report       vulnerable_versions: '>=13.0.0 <15.5.21',
2729 silly audit report       cwe: [Array],
2729 silly audit report       cvss: [Object]
2729 silly audit report     },
2729 silly audit report     {
2729 silly audit report       id: 1124193,
2729 silly audit report       url: 'https://github.com/advisories/GHSA-p9j2-gv94-2wf4',
2729 silly audit report       title: 'Next.js: Server-Side Request Forgery in rewrites via attacker-controlled destination hostname',
2729 silly audit report       severity: 'high',
2729 silly audit report       vulnerable_versions: '>=12.0.0 <15.5.21',
2729 silly audit report       cwe: [Array],
2729 silly audit report       cvss: [Object]
2729 silly audit report     },
2729 silly audit report     {
2729 silly audit report       id: 1124197,
2729 silly audit report       url: 'https://github.com/advisories/GHSA-955p-x3mx-jcvp',
2729 silly audit report       title: 'Next.js: Unauthenticated disclosure of internal Server Function endpoints',
2729 silly audit report       severity: 'moderate',
2729 silly audit report       vulnerable_versions: '>=13.0.0 <15.5.21',
2729 silly audit report       cwe: [Array],
2729 silly audit report       cvss: [Object]
2729 silly audit report     }
2729 silly audit report   ],
2729 silly audit report   glob: [
2729 silly audit report     {
2729 silly audit report       id: 1109842,
2729 silly audit report       url: 'https://github.com/advisories/GHSA-5j98-mcp5-4vw2',
2729 silly audit report       title: 'glob CLI: Command injection via -c/--cmd executes matches with shell:true',
2729 silly audit report       severity: 'high',
2729 silly audit report       vulnerable_versions: '>=10.2.0 <10.5.0',
2729 silly audit report       cwe: [Array],
2729 silly audit report       cvss: [Object]
2729 silly audit report     }
2729 silly audit report   ],
2729 silly audit report   'brace-expansion': [
2729 silly audit report     {
2729 silly audit report       id: 1124334,
2729 silly audit report       url: 'https://github.com/advisories/GHSA-mh99-v99m-4gvg',
2729 silly audit report       title: 'brace-expansion: DoS via unbounded expansion length causing an out-of-memory process crash',
2729 silly audit report       severity: 'high',
2729 silly audit report       vulnerable_versions: '<=5.0.7',
2729 silly audit report       cwe: [Array],
2729 silly audit report       cvss: [Object]
2729 silly audit report     }
2729 silly audit report   ],
2729 silly audit report   postcss: [
2729 silly audit report     {
2729 silly audit report       id: 1117015,
2729 silly audit report       url: 'https://github.com/advisories/GHSA-qx2v-qp2m-jg93',
2729 silly audit report       title: 'PostCSS has XSS via Unescaped </style> in its CSS Stringify Output',
2729 silly audit report       severity: 'moderate',
2729 silly audit report       vulnerable_versions: '<8.5.10',
2729 silly audit report       cwe: [Array],
2729 silly audit report       cvss: [Object]
2729 silly audit report     },
2729 silly audit report     {
2729 silly audit report       id: 1124252,
2729 silly audit report       url: 'https://github.com/advisories/GHSA-6g55-p6wh-862q',
2729 silly audit report       title: 'PostCSS: Arbitrary file read and information disclosure via attacker-controlled sourceMappingURL in CSS comments',
2729 silly audit report       severity: 'high',
2729 silly audit report       vulnerable_versions: '<=8.5.11',
2729 silly audit report       cwe: [Array],
2729 silly audit report       cvss: [Object]
2729 silly audit report     },
2729 silly audit report     {
2729 silly audit report       id: 1124288,
2729 silly audit report       url: 'https://github.com/advisories/GHSA-r28c-9q8g-f849',
2729 silly audit report       title: 'PostCSS: Path Traversal in Previous Source Map Auto-Loading (sourceMappingURL) leads to Arbitrary .map File Disclosure',
2729 silly audit report       severity: 'high',
2729 silly audit report       vulnerable_versions: '<=8.5.17',
2729 silly audit report       cwe: [Array],
2729 silly audit report       cvss: [Object]
2729 silly audit report     }
2729 silly audit report   ]
2729 silly audit report }
2730 silly packumentCache corgi:https://registry.npmjs.org/next cache-miss
2731 silly packumentCache corgi:https://registry.npmjs.org/glob cache-miss
2732 silly packumentCache corgi:https://registry.npmjs.org/brace-expansion cache-miss
2733 silly packumentCache corgi:https://registry.npmjs.org/postcss cache-miss
2734 http fetch GET 200 https://registry.npmjs.org/inflight/-/inflight-1.0.6.tgz 212ms (cache miss)
2735 warn deprecated inflight@1.0.6: This module is not supported, and leaks memory. Do not use it. Check out lru-cache if you want a good and tested way to coalesce async requests by a key value, which is much more comprehensive and powerful.
2736 http fetch GET 200 https://registry.npmjs.org/once/-/once-1.4.0.tgz 214ms (cache miss)
2737 http fetch GET 200 https://registry.npmjs.org/wrappy/-/wrappy-1.0.2.tgz 220ms (cache miss)
2738 http fetch GET 200 https://registry.npmjs.org/path-is-absolute/-/path-is-absolute-1.0.1.tgz 221ms (cache miss)
2739 http fetch GET 200 https://registry.npmjs.org/isexe/-/isexe-2.0.0.tgz 228ms (cache miss)
2740 http fetch GET 200 https://registry.npmjs.org/is-bigint/-/is-bigint-1.1.0.tgz 232ms (cache miss)
2741 http fetch GET 200 https://registry.npmjs.org/is-async-function/-/is-async-function-2.1.1.tgz 232ms (cache miss)
2742 http fetch GET 200 https://registry.npmjs.org/punycode/-/punycode-2.3.1.tgz 233ms (cache miss)
2743 http fetch GET 200 https://registry.npmjs.org/has-bigints/-/has-bigints-1.1.0.tgz 310ms (cache miss)
2744 http fetch GET 200 https://registry.npmjs.org/which-builtin-type/-/which-builtin-type-1.2.1.tgz 319ms (cache miss)
2745 http fetch GET 200 https://registry.npmjs.org/inherits/-/inherits-2.0.4.tgz 323ms (cache miss)
2746 http fetch GET 200 https://registry.npmjs.org/fs.realpath/-/fs.realpath-1.0.0.tgz 329ms (cache miss)
2747 http fetch GET 200 https://registry.npmjs.org/which-boxed-primitive/-/which-boxed-primitive-1.1.1.tgz 327ms (cache miss)
2748 http fetch GET 200 https://registry.npmjs.org/async-function/-/async-function-1.0.0.tgz 342ms (cache miss)
2749 http fetch GET 200 https://registry.npmjs.org/for-each/-/for-each-0.3.5.tgz 346ms (cache miss)
2750 http fetch GET 200 https://registry.npmjs.org/has-flag/-/has-flag-4.0.0.tgz 349ms (cache miss)
2751 http fetch GET 200 https://registry.npmjs.org/is-map/-/is-map-2.0.3.tgz 354ms (cache miss)
2752 http fetch GET 200 https://registry.npmjs.org/is-weakmap/-/is-weakmap-2.0.2.tgz 354ms (cache miss)
2753 http fetch GET 200 https://registry.npmjs.org/is-finalizationregistry/-/is-finalizationregistry-1.1.1.tgz 361ms (cache miss)
2754 http fetch GET 200 https://registry.npmjs.org/client-only/-/client-only-0.0.1.tgz 357ms (cache miss)
2755 http fetch GET 200 https://registry.npmjs.org/@types/json5/-/json5-0.0.29.tgz 364ms (cache miss)
2756 http fetch GET 200 https://registry.npmjs.org/strip-bom/-/strip-bom-3.0.0.tgz 364ms (cache miss)
2757 http fetch GET 200 https://registry.npmjs.org/which-collection/-/which-collection-1.0.2.tgz 372ms (cache miss)
2758 http fetch GET 200 https://registry.npmjs.org/eastasianwidth/-/eastasianwidth-0.2.0.tgz 370ms (cache miss)
2759 http fetch GET 200 https://registry.npmjs.org/ansi-regex/-/ansi-regex-5.0.1.tgz 370ms (cache miss)
2760 http fetch GET 200 https://registry.npmjs.org/is-fullwidth-code-point/-/is-fullwidth-code-point-3.0.0.tgz 374ms (cache miss)
2761 http fetch GET 200 https://registry.npmjs.org/side-channel-map/-/side-channel-map-1.0.1.tgz 374ms (cache miss)
2762 http fetch GET 200 https://registry.npmjs.org/supports-preserve-symlinks-flag/-/supports-preserve-symlinks-flag-1.0.0.tgz 372ms (cache miss)
2763 http fetch GET 200 https://registry.npmjs.org/js-tokens/-/js-tokens-4.0.0.tgz 372ms (cache miss)
2764 http fetch GET 200 https://registry.npmjs.org/callsites/-/callsites-3.1.0.tgz 371ms (cache miss)
2765 http fetch GET 200 https://registry.npmjs.org/path-parse/-/path-parse-1.0.7.tgz 389ms (cache miss)
2766 http fetch GET 200 https://registry.npmjs.org/is-number-object/-/is-number-object-1.1.1.tgz 395ms (cache miss)
2767 http fetch GET 200 https://registry.npmjs.org/loose-envify/-/loose-envify-1.4.0.tgz 388ms (cache miss)
2768 http fetch GET 200 https://registry.npmjs.org/object-assign/-/object-assign-4.1.1.tgz 389ms (cache miss)
2769 http fetch GET 200 https://registry.npmjs.org/yocto-queue/-/yocto-queue-0.1.0.tgz 388ms (cache miss)
2770 http fetch GET 200 https://registry.npmjs.org/deep-is/-/deep-is-0.1.4.tgz 388ms (cache miss)
2771 http fetch GET 200 https://registry.npmjs.org/picocolors/-/picocolors-1.1.1.tgz 390ms (cache miss)
2772 http fetch GET 200 https://registry.npmjs.org/isarray/-/isarray-2.0.5.tgz 398ms (cache miss)
2773 http fetch GET 200 https://registry.npmjs.org/is-boolean-object/-/is-boolean-object-1.2.2.tgz 413ms (cache miss)
2774 http fetch GET 200 https://registry.npmjs.org/generator-function/-/generator-function-2.0.1.tgz 412ms (cache miss)
2775 http fetch GET 200 https://registry.npmjs.org/side-channel-list/-/side-channel-list-1.0.1.tgz 417ms (cache miss)
2776 http fetch GET 200 https://registry.npmjs.org/shebang-regex/-/shebang-regex-3.0.0.tgz 415ms (cache miss)
2777 http fetch GET 200 https://registry.npmjs.org/queue-microtask/-/queue-microtask-1.2.3.tgz 417ms (cache miss)
2778 http fetch GET 200 https://registry.npmjs.org/@swc/counter/-/counter-0.1.3.tgz 413ms (cache miss)
2779 http fetch GET 200 https://registry.npmjs.org/p-limit/-/p-limit-3.1.0.tgz 415ms (cache miss)
2780 http fetch GET 200 https://registry.npmjs.org/@next/env/-/env-14.2.35.tgz 415ms (cache miss)
2781 http fetch GET 200 https://registry.npmjs.org/concat-map/-/concat-map-0.0.1.tgz 429ms (cache miss)
2782 http fetch GET 200 https://registry.npmjs.org/fast-levenshtein/-/fast-levenshtein-2.0.6.tgz 430ms (cache miss)
2783 http fetch GET 200 https://registry.npmjs.org/react-is/-/react-is-16.13.1.tgz 450ms (cache miss)
2784 http fetch GET 200 https://registry.npmjs.org/word-wrap/-/word-wrap-1.2.5.tgz 449ms (cache miss)
2785 http fetch GET 200 https://registry.npmjs.org/fdir/-/fdir-6.5.0.tgz 476ms (cache miss)
2786 http fetch GET 200 https://registry.npmjs.org/p-locate/-/p-locate-5.0.0.tgz 471ms (cache miss)
2787 http fetch GET 200 https://registry.npmjs.org/json-buffer/-/json-buffer-3.0.1.tgz 488ms (cache miss)
2788 http fetch GET 200 https://registry.npmjs.org/graceful-fs/-/graceful-fs-4.2.11.tgz 501ms (cache miss)
2789 http fetch GET 200 https://registry.npmjs.org/strip-ansi/-/strip-ansi-6.0.1.tgz 498ms (cache miss)
2790 http fetch GET 200 https://registry.npmjs.org/balanced-match/-/balanced-match-1.0.2.tgz 501ms (cache miss)
2791 http fetch GET 200 https://registry.npmjs.org/is-extglob/-/is-extglob-2.1.1.tgz 498ms (cache miss)
2792 http fetch GET 200 https://registry.npmjs.org/side-channel-weakmap/-/side-channel-weakmap-1.0.2.tgz 506ms (cache miss)
2793 http fetch GET 200 https://registry.npmjs.org/string-width/-/string-width-4.2.3.tgz 510ms (cache miss)
2794 http fetch GET 200 https://registry.npmjs.org/type-check/-/type-check-0.4.0.tgz 512ms (cache miss)
2795 http fetch GET 200 https://registry.npmjs.org/wrap-ansi/-/wrap-ansi-7.0.0.tgz 522ms (cache miss)
2796 http fetch GET 200 https://registry.npmjs.org/set-function-name/-/set-function-name-2.0.2.tgz 521ms (cache miss)
2797 http fetch GET 200 https://registry.npmjs.org/parent-module/-/parent-module-1.0.1.tgz 534ms (cache miss)
2798 http fetch GET 200 https://registry.npmjs.org/signal-exit/-/signal-exit-4.1.0.tgz 535ms (cache miss)
2799 http fetch GET 200 https://registry.npmjs.org/wrap-ansi/-/wrap-ansi-8.1.0.tgz 539ms (cache miss)
2800 http fetch GET 200 https://registry.npmjs.org/resolve-from/-/resolve-from-4.0.0.tgz 551ms (cache miss)
2801 http fetch GET 200 https://registry.npmjs.org/dunder-proto/-/dunder-proto-1.0.1.tgz 553ms (cache miss)
2802 http fetch GET 200 https://registry.npmjs.org/string-width/-/string-width-5.1.2.tgz 556ms (cache miss)
2803 http fetch GET 200 https://registry.npmjs.org/is-generator-function/-/is-generator-function-1.1.2.tgz 601ms (cache miss)
2804 http fetch GET 200 https://registry.npmjs.org/streamsearch/-/streamsearch-1.1.0.tgz 592ms (cache miss)
2805 http fetch GET 200 https://registry.npmjs.org/is-weakset/-/is-weakset-2.0.4.tgz 600ms (cache miss)
2806 http fetch GET 200 https://registry.npmjs.org/@isaacs/cliui/-/cliui-8.0.2.tgz 587ms (cache miss)
2807 http fetch GET 200 https://registry.npmjs.org/rimraf/-/rimraf-3.0.2.tgz 587ms (cache miss)
2808 warn deprecated rimraf@3.0.2: Rimraf versions prior to v4 are no longer supported
2809 http fetch GET 200 https://registry.npmjs.org/reflect.getprototypeof/-/reflect.getprototypeof-1.0.10.tgz 617ms (cache miss)
2810 http fetch GET 200 https://registry.npmjs.org/foreground-child/-/foreground-child-3.3.1.tgz 603ms (cache miss)
2811 http fetch GET 200 https://registry.npmjs.org/is-document.all/-/is-document.all-1.0.0.tgz 621ms (cache miss)
2812 http fetch GET 200 https://registry.npmjs.org/picomatch/-/picomatch-4.0.5.tgz 649ms (cache miss)
2813 http fetch GET 200 https://registry.npmjs.org/keyv/-/keyv-4.5.4.tgz 638ms (cache miss)
2814 http fetch GET 200 https://registry.npmjs.org/path-exists/-/path-exists-4.0.0.tgz 637ms (cache miss)
2815 http fetch GET 200 https://registry.npmjs.org/acorn-jsx/-/acorn-jsx-5.3.2.tgz 637ms (cache miss)
2816 http fetch GET 200 https://registry.npmjs.org/argparse/-/argparse-2.0.1.tgz 658ms (cache miss)
2817 http fetch GET 200 https://registry.npmjs.org/flat-cache/-/flat-cache-3.2.0.tgz 654ms (cache miss)
2818 http fetch GET 200 https://registry.npmjs.org/estraverse/-/estraverse-5.3.0.tgz 655ms (cache miss)
2819 http fetch GET 200 https://registry.npmjs.org/language-tags/-/language-tags-1.0.9.tgz 674ms (cache miss)
2820 http fetch GET 200 https://registry.npmjs.org/esrecurse/-/esrecurse-4.3.0.tgz 677ms (cache miss)
2821 http fetch GET 200 https://registry.npmjs.org/locate-path/-/locate-path-6.0.0.tgz 692ms (cache miss)
2822 http fetch GET 200 https://registry.npmjs.org/iterator.prototype/-/iterator.prototype-1.1.5.tgz 702ms (cache miss)
2823 http fetch GET 200 https://registry.npmjs.org/is-date-object/-/is-date-object-1.1.0.tgz 703ms (cache miss)
2824 http fetch GET 200 https://registry.npmjs.org/side-channel/-/side-channel-1.1.1.tgz 721ms (cache miss)
2825 http fetch GET 200 https://registry.npmjs.org/damerau-levenshtein/-/damerau-levenshtein-1.0.8.tgz 715ms (cache miss)
2826 http fetch GET 200 https://registry.npmjs.org/resolve-pkg-maps/-/resolve-pkg-maps-1.0.0.tgz 713ms (cache miss)
2827 http fetch GET 200 https://registry.npmjs.org/functions-have-names/-/functions-have-names-1.2.3.tgz 733ms (cache miss)
2828 http fetch GET 200 https://registry.npmjs.org/string.prototype.trimstart/-/string.prototype.trimstart-1.0.8.tgz 728ms (cache miss)
2829 http fetch GET 200 https://registry.npmjs.org/typed-array-buffer/-/typed-array-buffer-1.0.3.tgz 728ms (cache miss)
2830 http fetch GET 200 https://registry.npmjs.org/ast-types-flow/-/ast-types-flow-0.0.8.tgz 731ms (cache miss)
2831 http fetch GET 200 https://registry.npmjs.org/unbox-primitive/-/unbox-primitive-1.1.0.tgz 729ms (cache miss)
2832 http fetch GET 200 https://registry.npmjs.org/stop-iteration-iterator/-/stop-iteration-iterator-1.1.0.tgz 738ms (cache miss)
2833 http fetch GET 200 https://registry.npmjs.org/safe-array-concat/-/safe-array-concat-1.1.4.tgz 738ms (cache miss)
2834 http fetch GET 200 https://registry.npmjs.org/own-keys/-/own-keys-1.0.2.tgz 739ms (cache miss)
2835 http fetch GET 200 https://registry.npmjs.org/possible-typed-array-names/-/possible-typed-array-names-1.1.0.tgz 745ms (cache miss)
2836 http fetch GET 200 https://registry.npmjs.org/is-symbol/-/is-symbol-1.1.1.tgz 747ms (cache miss)
2837 http fetch GET 200 https://registry.npmjs.org/typed-array-byte-length/-/typed-array-byte-length-1.0.3.tgz 745ms (cache miss)
2838 http fetch GET 200 https://registry.npmjs.org/json5/-/json5-1.0.2.tgz 781ms (cache miss)
2839 http fetch GET 200 https://registry.npmjs.org/safe-regex-test/-/safe-regex-test-1.1.0.tgz 778ms (cache miss)
2840 http fetch GET 200 https://registry.npmjs.org/is-weakref/-/is-weakref-1.1.1.tgz 778ms (cache miss)
2841 http fetch GET 200 https://registry.npmjs.org/typed-array-byte-offset/-/typed-array-byte-offset-1.0.4.tgz 781ms (cache miss)
2842 http fetch GET 200 https://registry.npmjs.org/is-shared-array-buffer/-/is-shared-array-buffer-1.0.4.tgz 779ms (cache miss)
2843 http fetch GET 200 https://registry.npmjs.org/reusify/-/reusify-1.1.0.tgz 787ms (cache miss)
2844 http fetch GET 200 https://registry.npmjs.org/set-proto/-/set-proto-1.0.0.tgz 783ms (cache miss)
2845 http fetch GET 200 https://registry.npmjs.org/typed-array-length/-/typed-array-length-1.0.8.tgz 784ms (cache miss)
2846 http fetch GET 200 https://registry.npmjs.org/which-typed-array/-/which-typed-array-1.1.22.tgz 785ms (cache miss)
2847 http fetch GET 200 https://registry.npmjs.org/safe-push-apply/-/safe-push-apply-1.0.0.tgz 803ms (cache miss)
2848 http fetch GET 200 https://registry.npmjs.org/is-regex/-/is-regex-1.2.1.tgz 802ms (cache miss)
2849 http fetch GET 200 https://registry.npmjs.org/globalthis/-/globalthis-1.0.4.tgz 802ms (cache miss)
2850 http fetch GET 200 https://registry.npmjs.org/is-array-buffer/-/is-array-buffer-3.0.5.tgz 804ms (cache miss)
2851 http fetch GET 200 https://registry.npmjs.org/has-proto/-/has-proto-1.2.0.tgz 803ms (cache miss)
2852 http fetch GET 200 https://registry.npmjs.org/prop-types/-/prop-types-15.8.1.tgz 813ms (cache miss)
2853 http fetch GET 200 https://registry.npmjs.org/is-typed-array/-/is-typed-array-1.1.15.tgz 818ms (cache miss)
2854 http fetch GET 200 https://registry.npmjs.org/get-proto/-/get-proto-1.0.1.tgz 817ms (cache miss)
2855 http fetch GET 200 https://registry.npmjs.org/es-abstract-get/-/es-abstract-get-1.0.0.tgz 817ms (cache miss)
2856 http fetch GET 200 https://registry.npmjs.org/is-set/-/is-set-2.0.3.tgz 830ms (cache miss)
2857 http fetch GET 200 https://registry.npmjs.org/is-data-view/-/is-data-view-1.0.2.tgz 832ms (cache miss)
2858 http fetch GET 200 https://registry.npmjs.org/data-view-buffer/-/data-view-buffer-1.0.2.tgz 832ms (cache miss)
2859 http fetch GET 200 https://registry.npmjs.org/available-typed-arrays/-/available-typed-arrays-1.0.7.tgz 831ms (cache miss)
2860 http fetch GET 200 https://registry.npmjs.org/data-view-byte-offset/-/data-view-byte-offset-1.0.1.tgz 832ms (cache miss)
2861 http fetch GET 200 https://registry.npmjs.org/internal-slot/-/internal-slot-1.1.0.tgz 854ms (cache miss)
2862 http fetch GET 200 https://registry.npmjs.org/is-callable/-/is-callable-1.2.7.tgz 854ms (cache miss)
2863 http fetch GET 200 https://registry.npmjs.org/prelude-ls/-/prelude-ls-1.2.1.tgz 870ms (cache miss)
2864 http fetch GET 200 https://registry.npmjs.org/define-data-property/-/define-data-property-1.1.4.tgz 854ms (cache miss)
2865 http fetch GET 200 https://registry.npmjs.org/is-negative-zero/-/is-negative-zero-2.0.3.tgz 869ms (cache miss)
2866 http fetch GET 200 https://registry.npmjs.org/string.prototype.matchall/-/string.prototype.matchall-4.0.12.tgz 877ms (cache miss)
2867 http fetch GET 200 https://registry.npmjs.org/array.prototype.tosorted/-/array.prototype.tosorted-1.1.4.tgz 876ms (cache miss)
2868 http fetch GET 200 https://registry.npmjs.org/object-keys/-/object-keys-1.1.1.tgz 867ms (cache miss)
2869 http fetch GET 200 https://registry.npmjs.org/es-shim-unscopables/-/es-shim-unscopables-1.1.0.tgz 867ms (cache miss)
2870 http fetch GET 200 https://registry.npmjs.org/gopd/-/gopd-1.2.0.tgz 868ms (cache miss)
2871 http fetch GET 200 https://registry.npmjs.org/es-define-property/-/es-define-property-1.0.1.tgz 867ms (cache miss)
2872 http fetch GET 200 https://registry.npmjs.org/es-object-atoms/-/es-object-atoms-1.1.2.tgz 865ms (cache miss)
2873 http fetch GET 200 https://registry.npmjs.org/array-buffer-byte-length/-/array-buffer-byte-length-1.0.2.tgz 869ms (cache miss)
2874 http fetch GET 200 https://registry.npmjs.org/get-intrinsic/-/get-intrinsic-1.3.0.tgz 867ms (cache miss)
2875 http fetch GET 200 https://registry.npmjs.org/math-intrinsics/-/math-intrinsics-1.1.0.tgz 867ms (cache miss)
2876 http fetch GET 200 https://registry.npmjs.org/has-property-descriptors/-/has-property-descriptors-1.0.2.tgz 872ms (cache miss)
2877 http fetch GET 200 https://registry.npmjs.org/scheduler/-/scheduler-0.23.2.tgz 898ms (cache miss)
2878 http fetch GET 200 https://registry.npmjs.org/get-symbol-description/-/get-symbol-description-1.1.0.tgz 877ms (cache miss)
2879 http fetch GET 200 https://registry.npmjs.org/napi-postinstall/-/napi-postinstall-0.3.4.tgz 918ms (cache miss)
2880 http fetch GET 200 https://registry.npmjs.org/string.prototype.repeat/-/string.prototype.repeat-1.0.0.tgz 903ms (cache miss)
2881 http fetch GET 200 https://registry.npmjs.org/array.prototype.findlast/-/array.prototype.findlast-1.2.5.tgz 902ms (cache miss)
2882 http fetch GET 200 https://registry.npmjs.org/data-view-byte-length/-/data-view-byte-length-1.0.2.tgz 896ms (cache miss)
2883 http fetch GET 200 https://registry.npmjs.org/is-string/-/is-string-1.1.1.tgz 893ms (cache miss)
2884 http fetch GET 200 https://registry.npmjs.org/define-properties/-/define-properties-1.2.1.tgz 893ms (cache miss)
2885 http fetch GET 200 https://registry.npmjs.org/set-function-length/-/set-function-length-1.2.2.tgz 895ms (cache miss)
2886 http fetch GET 200 https://registry.npmjs.org/hasown/-/hasown-2.0.4.tgz 891ms (cache miss)
2887 http fetch GET 200 https://registry.npmjs.org/object.fromentries/-/object.fromentries-2.0.8.tgz 892ms (cache miss)
2888 http fetch GET 200 https://registry.npmjs.org/es-set-tostringtag/-/es-set-tostringtag-2.1.0.tgz 898ms (cache miss)
2889 http fetch GET 200 https://registry.npmjs.org/stable-hash/-/stable-hash-0.0.5.tgz 907ms (cache miss)
2890 http fetch GET 200 https://registry.npmjs.org/is-bun-module/-/is-bun-module-2.0.0.tgz 908ms (cache miss)
2891 http fetch GET 200 https://registry.npmjs.org/array-includes/-/array-includes-3.1.9.tgz 924ms (cache miss)
2892 http fetch GET 200 https://registry.npmjs.org/call-bound/-/call-bound-1.0.4.tgz 926ms (cache miss)
2893 http fetch GET 200 https://registry.npmjs.org/@rtsao/scc/-/scc-1.1.0.tgz 926ms (cache miss)
2894 http fetch GET 200 https://registry.npmjs.org/string.prototype.trim/-/string.prototype.trim-1.2.11.tgz 951ms (cache miss)
2895 http fetch GET 200 https://registry.npmjs.org/has-tostringtag/-/has-tostringtag-1.0.2.tgz 956ms (cache miss)
2896 http fetch GET 200 https://registry.npmjs.org/call-bind/-/call-bind-1.0.9.tgz 946ms (cache miss)
2897 http fetch GET 200 https://registry.npmjs.org/array.prototype.flat/-/array.prototype.flat-1.3.3.tgz 946ms (cache miss)
2898 http fetch GET 200 https://registry.npmjs.org/function-bind/-/function-bind-1.1.2.tgz 966ms (cache miss)
2899 http fetch GET 200 https://registry.npmjs.org/is-core-module/-/is-core-module-2.16.2.tgz 963ms (cache miss)
2900 http fetch GET 200 https://registry.npmjs.org/@nolyfill/is-core-module/-/is-core-module-1.0.39.tgz 975ms (cache miss)
2901 http fetch GET 200 https://registry.npmjs.org/unrs-resolver/-/unrs-resolver-1.12.2.tgz 999ms (cache miss)
2902 http fetch GET 200 https://registry.npmjs.org/@typescript-eslint/visitor-keys/-/visitor-keys-8.65.0.tgz 998ms (cache miss)
2903 http fetch GET 200 https://registry.npmjs.org/object.entries/-/object.entries-1.1.9.tgz 1042ms (cache miss)
2904 http fetch GET 200 https://registry.npmjs.org/arraybuffer.prototype.slice/-/arraybuffer.prototype.slice-1.0.4.tgz 1034ms (cache miss)
2905 http fetch GET 200 https://registry.npmjs.org/tinyglobby/-/tinyglobby-0.2.17.tgz 1030ms (cache miss)
2906 http fetch GET 200 https://registry.npmjs.org/@typescript-eslint/project-service/-/project-service-8.65.0.tgz 1030ms (cache miss)
2907 http fetch GET 200 https://registry.npmjs.org/call-bind-apply-helpers/-/call-bind-apply-helpers-1.0.2.tgz 1065ms (cache miss)
2908 http fetch GET 200 https://registry.npmjs.org/flatted/-/flatted-3.4.3.tgz 1100ms (cache miss)
2909 http fetch GET 200 https://registry.npmjs.org/eslint-plugin-react-hooks/-/eslint-plugin-react-hooks-5.0.0-canary-7118f5dd7-20230705.tgz 1099ms (cache miss)
2910 http fetch GET 200 https://registry.npmjs.org/@next/eslint-plugin-next/-/eslint-plugin-next-14.2.35.tgz 1097ms (cache miss)
2911 http fetch GET 200 https://registry.npmjs.org/supports-color/-/supports-color-7.2.0.tgz 1127ms (cache miss)
2912 http fetch GET 200 https://registry.npmjs.org/@typescript-eslint/parser/-/parser-8.65.0.tgz 1130ms (cache miss)
2913 http fetch GET 200 https://registry.npmjs.org/path-key/-/path-key-3.1.1.tgz 1128ms (cache miss)
2914 http fetch GET 200 https://registry.npmjs.org/which/-/which-2.0.2.tgz 1128ms (cache miss)
2915 http fetch GET 200 https://registry.npmjs.org/color-name/-/color-name-1.1.4.tgz 1127ms (cache miss)
2916 http fetch GET 200 https://registry.npmjs.org/eslint-import-resolver-node/-/eslint-import-resolver-node-0.3.10.tgz 1134ms (cache miss)
2917 http fetch GET 200 https://registry.npmjs.org/ansi-styles/-/ansi-styles-4.3.0.tgz 1143ms (cache miss)
2918 http fetch GET 200 https://registry.npmjs.org/run-parallel/-/run-parallel-1.2.0.tgz 1143ms (cache miss)
2919 http fetch GET 200 https://registry.npmjs.org/emoji-regex/-/emoji-regex-9.2.2.tgz 1168ms (cache miss)
2920 http fetch GET 200 https://registry.npmjs.org/nanoid/-/nanoid-3.3.16.tgz 1178ms (cache miss)
2921 http fetch GET 200 https://registry.npmjs.org/es-errors/-/es-errors-1.3.0.tgz 1159ms (cache miss)
2922 http fetch GET 200 https://registry.npmjs.org/shebang-command/-/shebang-command-2.0.0.tgz 1151ms (cache miss)
2923 http fetch GET 200 https://registry.npmjs.org/color-convert/-/color-convert-2.0.1.tgz 1167ms (cache miss)
2924 http fetch GET 200 https://registry.npmjs.org/strip-json-comments/-/strip-json-comments-3.1.1.tgz 1167ms (cache miss)
2925 http fetch GET 200 https://registry.npmjs.org/regexp.prototype.flags/-/regexp.prototype.flags-1.5.4.tgz 1184ms (cache miss)
2926 http fetch GET 200 https://registry.npmjs.org/optionator/-/optionator-0.9.4.tgz 1168ms (cache miss)
2927 http fetch GET 200 https://registry.npmjs.org/strip-ansi/-/strip-ansi-6.0.1.tgz 1181ms (cache miss)
2928 http fetch GET 200 https://registry.npmjs.org/json-schema-traverse/-/json-schema-traverse-0.4.1.tgz 1182ms (cache miss)
2929 http fetch GET 200 https://registry.npmjs.org/text-table/-/text-table-0.2.0.tgz 1182ms (cache miss)
2930 http fetch GET 200 https://registry.npmjs.org/has-symbols/-/has-symbols-1.1.0.tgz 1203ms (cache miss)
2931 http fetch GET 200 https://registry.npmjs.org/object.groupby/-/object.groupby-1.0.3.tgz 1199ms (cache miss)
2932 http fetch GET 200 https://registry.npmjs.org/@typescript-eslint/tsconfig-utils/-/tsconfig-utils-8.65.0.tgz 1197ms (cache miss)
2933 http fetch GET 200 https://registry.npmjs.org/string.prototype.trimend/-/string.prototype.trimend-1.0.10.tgz 1200ms (cache miss)
2934 http fetch GET 200 https://registry.npmjs.org/json-stable-stringify-without-jsonify/-/json-stable-stringify-without-jsonify-1.0.1.tgz 1201ms (cache miss)
2935 http fetch GET 200 https://registry.npmjs.org/lodash.merge/-/lodash.merge-4.6.2.tgz 1202ms (cache miss)
2936 http fetch GET 200 https://registry.npmjs.org/levn/-/levn-0.4.1.tgz 1202ms (cache miss)
2937 http fetch GET 200 https://registry.npmjs.org/@nodelib/fs.stat/-/fs.stat-2.0.5.tgz 1204ms (cache miss)
2938 http fetch GET 200 https://registry.npmjs.org/array.prototype.flatmap/-/array.prototype.flatmap-1.3.3.tgz 1218ms (cache miss)
2939 http fetch GET 200 https://registry.npmjs.org/natural-compare/-/natural-compare-1.4.0.tgz 1209ms (cache miss)
2940 http fetch GET 200 https://registry.npmjs.org/@humanwhocodes/object-schema/-/object-schema-2.0.3.tgz 1212ms (cache miss)
2941 http fetch GET 200 https://registry.npmjs.org/minimatch/-/minimatch-3.1.5.tgz 1210ms (cache miss)
2942 http fetch GET 200 https://registry.npmjs.org/is-path-inside/-/is-path-inside-3.0.3.tgz 1210ms (cache miss)
2943 http fetch GET 200 https://registry.npmjs.org/find-up/-/find-up-5.0.0.tgz 1216ms (cache miss)
2944 http fetch GET 200 https://registry.npmjs.org/is-glob/-/is-glob-4.0.3.tgz 1224ms (cache miss)
2945 http fetch GET 200 https://registry.npmjs.org/node-exports-info/-/node-exports-info-1.6.2.tgz 1264ms (cache miss)
2946 http fetch GET 200 https://registry.npmjs.org/imurmurhash/-/imurmurhash-0.1.4.tgz 1239ms (cache miss)
2947 http fetch GET 200 https://registry.npmjs.org/ms/-/ms-2.1.3.tgz 1238ms (cache miss)
2948 http fetch GET 200 https://registry.npmjs.org/eslint-visitor-keys/-/eslint-visitor-keys-3.4.3.tgz 1237ms (cache miss)
2949 http fetch GET 200 https://registry.npmjs.org/file-entry-cache/-/file-entry-cache-6.0.1.tgz 1238ms (cache miss)
2950 http fetch GET 200 https://registry.npmjs.org/glob-parent/-/glob-parent-6.0.2.tgz 1238ms (cache miss)
2951 http fetch GET 200 https://registry.npmjs.org/esutils/-/esutils-2.0.3.tgz 1238ms (cache miss)
2952 http fetch GET 200 https://registry.npmjs.org/ignore/-/ignore-5.3.2.tgz 1239ms (cache miss)
2953 http fetch GET 200 https://registry.npmjs.org/object.values/-/object.values-1.2.1.tgz 1267ms (cache miss)
2954 http fetch GET 200 https://registry.npmjs.org/array.prototype.findlastindex/-/array.prototype.findlastindex-1.2.6.tgz 1267ms (cache miss)
2955 http fetch GET 200 https://registry.npmjs.org/fast-deep-equal/-/fast-deep-equal-3.1.3.tgz 1252ms (cache miss)
2956 http fetch GET 200 https://registry.npmjs.org/globals/-/globals-13.24.0.tgz 1252ms (cache miss)
2957 http fetch GET 200 https://registry.npmjs.org/import-fresh/-/import-fresh-3.3.1.tgz 1252ms (cache miss)
2958 http fetch GET 200 https://registry.npmjs.org/es-to-primitive/-/es-to-primitive-1.3.4.tgz 1278ms (cache miss)
2959 http fetch GET 200 https://registry.npmjs.org/eslint-import-resolver-typescript/-/eslint-import-resolver-typescript-3.10.1.tgz 1272ms (cache miss)
2960 http fetch GET 200 https://registry.npmjs.org/cross-spawn/-/cross-spawn-7.0.6.tgz 1260ms (cache miss)
2961 warn deprecated @humanwhocodes/object-schema@2.0.3: Use @eslint/object-schema instead
2962 http fetch GET 200 https://registry.npmjs.org/@eslint/js/-/js-8.57.1.tgz 1276ms (cache miss)
2963 http fetch GET 200 https://registry.npmjs.org/@types/prop-types/-/prop-types-15.7.15.tgz 1277ms (cache miss)
2964 http fetch GET 200 https://registry.npmjs.org/chalk/-/chalk-4.1.2.tgz 1292ms (cache miss)
2965 http fetch GET 200 https://registry.npmjs.org/debug/-/debug-4.4.3.tgz 1292ms (cache miss)
2966 http fetch GET 200 https://registry.npmjs.org/escape-string-regexp/-/escape-string-regexp-4.0.0.tgz 1293ms (cache miss)
2967 http fetch GET 200 https://registry.npmjs.org/@humanwhocodes/config-array/-/config-array-0.13.0.tgz 1293ms (cache miss)
2968 warn deprecated @humanwhocodes/config-array@0.13.0: Use @eslint/config-array instead
2969 http fetch GET 200 https://registry.npmjs.org/@ungap/structured-clone/-/structured-clone-1.3.3.tgz 1293ms (cache miss)
2970 http fetch GET 200 https://registry.npmjs.org/minimist/-/minimist-1.2.8.tgz 1350ms (cache miss)
2971 http fetch GET 200 https://registry.npmjs.org/eslint-module-utils/-/eslint-module-utils-2.14.0.tgz 1334ms (cache miss)
2972 http fetch GET 200 https://registry.npmjs.org/eslint-config-next/-/eslint-config-next-14.2.35.tgz 1315ms (cache miss)
2973 http fetch GET 200 https://registry.npmjs.org/fastq/-/fastq-1.20.1.tgz 1329ms (cache miss)
2974 http fetch GET 200 https://registry.npmjs.org/string.prototype.includes/-/string.prototype.includes-2.0.1.tgz 1354ms (cache miss)
2975 http fetch GET 200 https://registry.npmjs.org/@pkgjs/parseargs/-/parseargs-0.11.0.tgz 1359ms (cache miss)
2976 http fetch GET 200 https://registry.npmjs.org/source-map-js/-/source-map-js-1.2.1.tgz 1376ms (cache miss)
2977 http fetch GET 200 https://registry.npmjs.org/function.prototype.name/-/function.prototype.name-1.2.0.tgz 1360ms (cache miss)
2978 http fetch GET 200 https://registry.npmjs.org/emoji-regex/-/emoji-regex-8.0.0.tgz 1334ms (cache miss)
2979 http fetch GET 200 https://registry.npmjs.org/object.assign/-/object.assign-4.1.7.tgz 1367ms (cache miss)
2980 http fetch GET 200 https://registry.npmjs.org/@humanwhocodes/module-importer/-/module-importer-1.0.1.tgz 1339ms (cache miss)
2981 http fetch GET 200 https://registry.npmjs.org/strip-ansi/-/strip-ansi-7.2.0.tgz 1343ms (cache miss)
2982 http fetch GET 200 https://registry.npmjs.org/ansi-regex/-/ansi-regex-6.2.2.tgz 1344ms (cache miss)
2983 http fetch GET 200 https://registry.npmjs.org/string-width/-/string-width-4.2.3.tgz 1345ms (cache miss)
2984 http fetch GET 200 https://registry.npmjs.org/doctrine/-/doctrine-3.0.0.tgz 1356ms (cache miss)
2985 http fetch GET 200 https://registry.npmjs.org/ansi-styles/-/ansi-styles-6.2.3.tgz 1349ms (cache miss)
2986 http fetch GET 200 https://registry.npmjs.org/semver/-/semver-6.3.1.tgz 1354ms (cache miss)
2987 http fetch GET 200 https://registry.npmjs.org/emoji-regex/-/emoji-regex-8.0.0.tgz 1355ms (cache miss)
2988 http fetch GET 200 https://registry.npmjs.org/get-tsconfig/-/get-tsconfig-4.14.0.tgz 1380ms (cache miss)
2989 http fetch GET 200 https://registry.npmjs.org/@types/react-dom/-/react-dom-18.3.7.tgz 1357ms (cache miss)
2990 http fetch GET 200 https://registry.npmjs.org/acorn/-/acorn-8.18.0.tgz 1401ms (cache miss)
2991 http fetch GET 200 https://registry.npmjs.org/glob/-/glob-7.2.3.tgz 1359ms (cache miss)
2992 warn deprecated glob@7.2.3: Old versions of glob are not supported, and contain widely publicized security vulnerabilities, which have been fixed in the current version. Please update. Support for old versions may be purchased (at exorbitant rates) by contacting i@izs.me
2993 http fetch GET 200 https://registry.npmjs.org/balanced-match/-/balanced-match-4.0.4.tgz 1361ms (cache miss)
2994 http fetch GET 200 https://registry.npmjs.org/semver/-/semver-6.3.1.tgz 1361ms (cache miss)
2995 http fetch GET 200 https://registry.npmjs.org/espree/-/espree-9.6.1.tgz 1374ms (cache miss)
2996 http fetch GET 200 https://registry.npmjs.org/ansi-regex/-/ansi-regex-6.2.2.tgz 1366ms (cache miss)
2997 http fetch GET 200 https://registry.npmjs.org/strip-ansi/-/strip-ansi-7.2.0.tgz 1365ms (cache miss)
2998 http fetch GET 200 https://registry.npmjs.org/strip-ansi/-/strip-ansi-7.2.0.tgz 1365ms (cache miss)
2999 http fetch GET 200 https://registry.npmjs.org/ansi-regex/-/ansi-regex-6.2.2.tgz 1366ms (cache miss)
3000 http fetch GET 200 https://registry.npmjs.org/ts-api-utils/-/ts-api-utils-2.5.0.tgz 1394ms (cache miss)
3001 http fetch GET 200 https://registry.npmjs.org/brace-expansion/-/brace-expansion-1.1.16.tgz 1423ms (cache miss)
3002 http fetch GET 200 https://registry.npmjs.org/eslint-visitor-keys/-/eslint-visitor-keys-5.0.1.tgz 1377ms (cache miss)
3003 http fetch GET 200 https://registry.npmjs.org/@typescript-eslint/types/-/types-8.65.0.tgz 1433ms (cache miss)
3004 http fetch GET 200 https://registry.npmjs.org/semver/-/semver-6.3.1.tgz 1417ms (cache miss)
3005 http fetch GET 200 https://registry.npmjs.org/ignore/-/ignore-7.0.6.tgz 1386ms (cache miss)
3006 http fetch GET 200 https://registry.npmjs.org/fast-json-stable-stringify/-/fast-json-stable-stringify-2.1.0.tgz 1439ms (cache miss)
3007 http fetch GET 200 https://registry.npmjs.org/tslib/-/tslib-2.8.1.tgz 1433ms (cache miss)
3008 http fetch GET 200 https://registry.npmjs.org/debug/-/debug-3.2.7.tgz 1432ms (cache miss)
3009 http fetch GET 200 https://registry.npmjs.org/debug/-/debug-3.2.7.tgz 1436ms (cache miss)
3010 http fetch GET 200 https://registry.npmjs.org/brace-expansion 1328ms (cache miss)
3011 silly packumentCache corgi:https://registry.npmjs.org/brace-expansion set size:undefined disposed:false
3012 http fetch GET 200 https://registry.npmjs.org/debug/-/debug-3.2.7.tgz 1419ms (cache miss)
3013 http fetch GET 200 https://registry.npmjs.org/doctrine/-/doctrine-2.1.0.tgz 1448ms (cache miss)
3014 http fetch GET 200 https://registry.npmjs.org/doctrine/-/doctrine-2.1.0.tgz 1450ms (cache miss)
3015 http fetch GET 200 https://registry.npmjs.org/busboy/-/busboy-1.6.0.tgz 1505ms (cache miss)
3016 http fetch GET 200 https://registry.npmjs.org/iceberg-js/-/iceberg-js-0.8.1.tgz 1466ms (cache miss)
3017 http fetch GET 200 https://registry.npmjs.org/eslint-scope/-/eslint-scope-7.2.2.tgz 1481ms (cache miss)
3018 http fetch GET 200 https://registry.npmjs.org/minipass/-/minipass-7.1.3.tgz 1520ms (cache miss)
3019 http fetch GET 200 https://registry.npmjs.org/glob 1371ms (cache miss)
3020 silly packumentCache corgi:https://registry.npmjs.org/glob set size:undefined disposed:false
3021 http fetch GET 200 https://registry.npmjs.org/@eslint-community/regexpp/-/regexpp-4.12.2.tgz 1535ms (cache miss)
3022 http fetch GET 200 https://registry.npmjs.org/@eslint-community/eslint-utils/-/eslint-utils-4.10.1.tgz 1542ms (cache miss)
3023 http fetch GET 200 https://registry.npmjs.org/path-scurry/-/path-scurry-1.11.1.tgz 1586ms (cache miss)
3024 http fetch GET 200 https://registry.npmjs.org/postcss 1429ms (cache miss)
3025 silly packumentCache corgi:https://registry.npmjs.org/postcss set size:undefined disposed:false
3026 http fetch GET 200 https://registry.npmjs.org/@unrs/resolver-binding-darwin-arm64/-/resolver-binding-darwin-arm64-1.12.2.tgz 1626ms (cache miss)
3027 http fetch GET 200 https://registry.npmjs.org/undici-types/-/undici-types-6.21.0.tgz 1578ms (cache miss)
3028 http fetch GET 200 https://registry.npmjs.org/@types/react/-/react-18.3.31.tgz 1582ms (cache miss)
3029 http fetch GET 200 https://registry.npmjs.org/brace-expansion/-/brace-expansion-5.0.8.tgz 1593ms (cache miss)
3030 http fetch GET 200 https://registry.npmjs.org/react/-/react-18.3.1.tgz 1604ms (cache miss)
3031 http fetch GET 200 https://registry.npmjs.org/object-inspect/-/object-inspect-1.13.4.tgz 1653ms (cache miss)
3032 http fetch GET 200 https://registry.npmjs.org/@nodelib/fs.scandir/-/fs.scandir-2.1.5.tgz 1645ms (cache miss)
3033 http fetch GET 200 https://registry.npmjs.org/brace-expansion/-/brace-expansion-2.1.2.tgz 1629ms (cache miss)
3034 http fetch GET 200 https://registry.npmjs.org/styled-jsx/-/styled-jsx-5.1.1.tgz 1684ms (cache miss)
3035 http fetch GET 200 https://registry.npmjs.org/type-fest/-/type-fest-0.20.2.tgz 1684ms (cache miss)
3036 http fetch GET 200 https://registry.npmjs.org/jackspeak/-/jackspeak-2.3.6.tgz 1686ms (cache miss)
3037 http fetch GET 200 https://registry.npmjs.org/csstype/-/csstype-3.2.3.tgz 1652ms (cache miss)
3038 http fetch GET 200 https://registry.npmjs.org/graphemer/-/graphemer-1.4.0.tgz 1679ms (cache miss)
3039 http fetch GET 200 https://registry.npmjs.org/@nodelib/fs.walk/-/fs.walk-1.2.8.tgz 1701ms (cache miss)
3040 http fetch GET 200 https://registry.npmjs.org/esquery/-/esquery-1.7.0.tgz 1726ms (cache miss)
3041 http fetch GET 200 https://registry.npmjs.org/lru-cache/-/lru-cache-10.4.3.tgz 1789ms (cache miss)
3042 http fetch GET 200 https://registry.npmjs.org/semver/-/semver-7.8.5.tgz 1781ms (cache miss)
3043 http fetch GET 200 https://registry.npmjs.org/language-subtag-registry/-/language-subtag-registry-0.3.23.tgz 1807ms (cache miss)
3044 http fetch GET 200 https://registry.npmjs.org/postcss/-/postcss-8.4.31.tgz 1818ms (cache miss)
3045 http fetch GET 200 https://registry.npmjs.org/@typescript-eslint/type-utils/-/type-utils-8.65.0.tgz 1793ms (cache miss)
3046 http fetch GET 200 https://registry.npmjs.org/@eslint/eslintrc/-/eslintrc-2.1.4.tgz 1784ms (cache miss)
3047 http fetch GET 200 https://registry.npmjs.org/@supabase/supabase-js/-/supabase-js-2.110.9.tgz 1821ms (cache miss)
3048 http fetch GET 200 https://registry.npmjs.org/js-yaml/-/js-yaml-4.3.0.tgz 1943ms (cache miss)
3049 http fetch GET 200 https://registry.npmjs.org/@supabase/postgrest-js/-/postgrest-js-2.110.9.tgz 1974ms (cache miss)
3050 http fetch GET 200 https://registry.npmjs.org/@supabase/storage-js/-/storage-js-2.110.9.tgz 1987ms (cache miss)
3051 http fetch GET 200 https://registry.npmjs.org/axe-core/-/axe-core-4.12.1.tgz 2086ms (cache miss)
3052 http fetch GET 200 https://registry.npmjs.org/@supabase/functions-js/-/functions-js-2.110.9.tgz 2074ms (cache miss)
3053 http fetch GET 200 https://registry.npmjs.org/@types/node/-/node-20.19.43.tgz 2079ms (cache miss)
3054 http fetch GET 200 https://registry.npmjs.org/uri-js/-/uri-js-4.4.1.tgz 2100ms (cache miss)
3055 http fetch GET 200 https://registry.npmjs.org/tsconfig-paths/-/tsconfig-paths-3.15.0.tgz 2121ms (cache miss)
3056 http fetch GET 200 https://registry.npmjs.org/minimatch/-/minimatch-9.0.9.tgz 2097ms (cache miss)
3057 http fetch GET 200 https://registry.npmjs.org/minimatch/-/minimatch-10.2.6.tgz 2099ms (cache miss)
3058 http fetch GET 200 https://registry.npmjs.org/@supabase/phoenix/-/phoenix-0.4.5.tgz 2148ms (cache miss)
3059 http fetch GET 200 https://registry.npmjs.org/glob/-/glob-10.3.10.tgz 2165ms (cache miss)
3060 warn deprecated glob@10.3.10: Old versions of glob are not supported, and contain widely publicized security vulnerabilities, which have been fixed in the current version. Please update. Support for old versions may be purchased (at exorbitant rates) by contacting i@izs.me
3061 http fetch GET 200 https://registry.npmjs.org/@typescript-eslint/typescript-estree/-/typescript-estree-8.65.0.tgz 2194ms (cache miss)
3062 http fetch GET 200 https://registry.npmjs.org/react-dom/-/react-dom-18.3.1.tgz 2185ms (cache miss)
3063 http fetch GET 200 https://registry.npmjs.org/@typescript-eslint/utils/-/utils-8.65.0.tgz 2216ms (cache miss)
3064 http fetch GET 200 https://registry.npmjs.org/es-iterator-helpers/-/es-iterator-helpers-1.4.0.tgz 2247ms (cache miss)
3065 http fetch GET 200 https://registry.npmjs.org/ajv/-/ajv-6.15.0.tgz 2249ms (cache miss)
3066 http fetch GET 200 https://registry.npmjs.org/jsx-ast-utils/-/jsx-ast-utils-3.3.5.tgz 2293ms (cache miss)
3067 http fetch GET 200 https://registry.npmjs.org/resolve/-/resolve-2.0.0-next.7.tgz 2323ms (cache miss)
3068 http fetch GET 200 https://registry.npmjs.org/eslint-plugin-import/-/eslint-plugin-import-2.32.0.tgz 2393ms (cache miss)
3069 http fetch GET 200 https://registry.npmjs.org/@rushstack/eslint-patch/-/eslint-patch-1.16.1.tgz 2412ms (cache miss)
3070 http fetch GET 200 https://registry.npmjs.org/axobject-query/-/axobject-query-4.1.0.tgz 2531ms (cache miss)
3071 http fetch GET 200 https://registry.npmjs.org/@supabase/realtime-js/-/realtime-js-2.110.9.tgz 2553ms (cache miss)
3072 http fetch GET 200 https://registry.npmjs.org/aria-query/-/aria-query-5.3.2.tgz 2827ms (cache miss)
3073 http fetch GET 200 https://registry.npmjs.org/@swc/helpers/-/helpers-0.5.5.tgz 2841ms (cache miss)
3074 http fetch GET 200 https://registry.npmjs.org/eslint-plugin-jsx-a11y/-/eslint-plugin-jsx-a11y-6.10.2.tgz 2869ms (cache miss)
3075 http fetch GET 200 https://registry.npmjs.org/@supabase/auth-js/-/auth-js-2.110.9.tgz 2891ms (cache miss)
3076 http fetch GET 200 https://registry.npmjs.org/next 2850ms (cache miss)
3077 silly packumentCache corgi:https://registry.npmjs.org/next set size:undefined disposed:false
3078 silly packumentCache corgi:https://registry.npmjs.org/@next%2feslint-plugin-next cache-miss
3079 http fetch GET 200 https://registry.npmjs.org/@typescript-eslint/scope-manager/-/scope-manager-8.65.0.tgz 5609ms (cache miss)
3080 http fetch GET 200 https://registry.npmjs.org/@next%2feslint-plugin-next 205ms (cache miss)
3081 silly packumentCache corgi:https://registry.npmjs.org/@next%2feslint-plugin-next set size:undefined disposed:false
3082 silly packumentCache corgi:https://registry.npmjs.org/minimatch cache-miss
3083 http fetch GET 200 https://registry.npmjs.org/typescript/-/typescript-5.9.3.tgz 5821ms (cache miss)
3084 http fetch GET 200 https://registry.npmjs.org/eslint-plugin-react/-/eslint-plugin-react-7.37.5.tgz 5839ms (cache miss)
3085 http fetch GET 200 https://registry.npmjs.org/minimatch 48ms (cache miss)
3086 silly packumentCache corgi:https://registry.npmjs.org/minimatch set size:undefined disposed:false
3087 silly packumentCache corgi:https://registry.npmjs.org/eslint-config-next cache-miss
3088 http fetch GET 200 https://registry.npmjs.org/eslint/-/eslint-8.57.1.tgz 6166ms (cache miss)
3089 warn deprecated eslint@8.57.1: This version is no longer supported. Please see https://eslint.org/version-support for other options.
3090 http fetch GET 200 https://registry.npmjs.org/@typescript-eslint/eslint-plugin/-/eslint-plugin-8.65.0.tgz 6230ms (cache miss)
3091 http fetch GET 200 https://registry.npmjs.org/eslint-config-next 178ms (cache miss)
3092 silly packumentCache corgi:https://registry.npmjs.org/eslint-config-next set size:undefined disposed:false
3093 silly packumentCache corgi:https://registry.npmjs.org/eslint cache-miss
3094 silly packumentCache corgi:https://registry.npmjs.org/@eslint%2feslintrc cache-miss
3095 silly packumentCache corgi:https://registry.npmjs.org/@humanwhocodes%2fconfig-array cache-miss
3096 silly packumentCache corgi:https://registry.npmjs.org/eslint-plugin-import cache-miss
3097 silly packumentCache corgi:https://registry.npmjs.org/eslint-plugin-jsx-a11y cache-miss
3098 silly packumentCache corgi:https://registry.npmjs.org/eslint-plugin-react cache-miss
3099 http fetch GET 200 https://registry.npmjs.org/eslint-plugin-jsx-a11y 58ms (cache miss)
3100 silly packumentCache corgi:https://registry.npmjs.org/eslint-plugin-jsx-a11y set size:undefined disposed:false
3101 http fetch GET 200 https://registry.npmjs.org/@eslint%2feslintrc 64ms (cache miss)
3102 silly packumentCache corgi:https://registry.npmjs.org/@eslint%2feslintrc set size:undefined disposed:false
3103 http fetch GET 200 https://registry.npmjs.org/eslint-plugin-import 66ms (cache miss)
3104 silly packumentCache corgi:https://registry.npmjs.org/eslint-plugin-import set size:undefined disposed:false
3105 http fetch GET 200 https://registry.npmjs.org/eslint-plugin-react 74ms (cache miss)
3106 silly packumentCache corgi:https://registry.npmjs.org/eslint-plugin-react set size:undefined disposed:false
3107 http fetch GET 200 https://registry.npmjs.org/@humanwhocodes%2fconfig-array 85ms (cache miss)
3108 silly packumentCache corgi:https://registry.npmjs.org/@humanwhocodes%2fconfig-array set size:undefined disposed:false
3109 http fetch GET 200 https://registry.npmjs.org/eslint 102ms (cache miss)
3110 silly packumentCache corgi:https://registry.npmjs.org/eslint set size:undefined disposed:false
3111 silly packumentCache corgi:https://registry.npmjs.org/rimraf cache-miss
3112 http fetch GET 200 https://registry.npmjs.org/rimraf 27ms (cache miss)
3113 silly packumentCache corgi:https://registry.npmjs.org/rimraf set size:undefined disposed:false
3114 silly packumentCache corgi:https://registry.npmjs.org/eslint-import-resolver-typescript cache-miss
3115 http fetch GET 200 https://registry.npmjs.org/eslint-import-resolver-typescript 144ms (cache miss)
3116 silly packumentCache corgi:https://registry.npmjs.org/eslint-import-resolver-typescript set size:undefined disposed:false
3117 silly packumentCache corgi:https://registry.npmjs.org/@eslint-community%2feslint-utils cache-miss
3118 silly packumentCache corgi:https://registry.npmjs.org/@typescript-eslint%2feslint-plugin cache-miss
3119 silly packumentCache corgi:https://registry.npmjs.org/@typescript-eslint%2fparser cache-miss
3120 silly packumentCache corgi:https://registry.npmjs.org/eslint-plugin-react-hooks cache-miss
3121 silly packumentCache corgi:https://registry.npmjs.org/@typescript-eslint%2ftype-utils cache-miss
3122 silly packumentCache corgi:https://registry.npmjs.org/@typescript-eslint%2futils cache-miss
3123 http fetch GET 200 https://registry.npmjs.org/@eslint-community%2feslint-utils 182ms (cache miss)
3124 silly packumentCache corgi:https://registry.npmjs.org/@eslint-community%2feslint-utils set size:undefined disposed:false
3125 http fetch GET 200 https://registry.npmjs.org/eslint-plugin-react-hooks 371ms (cache miss)
3126 silly packumentCache corgi:https://registry.npmjs.org/eslint-plugin-react-hooks set size:undefined disposed:false
3127 http fetch GET 200 https://registry.npmjs.org/@typescript-eslint%2futils 465ms (cache miss)
3128 silly packumentCache corgi:https://registry.npmjs.org/@typescript-eslint%2futils set size:undefined disposed:false
3129 http fetch GET 200 https://registry.npmjs.org/@typescript-eslint%2ftype-utils 642ms (cache miss)
3130 silly packumentCache corgi:https://registry.npmjs.org/@typescript-eslint%2ftype-utils set size:undefined disposed:false
3131 http fetch GET 200 https://registry.npmjs.org/caniuse-lite/-/caniuse-lite-1.0.30001806.tgz 16796ms (cache miss)
3132 http fetch GET 200 https://registry.npmjs.org/@typescript-eslint%2fparser 810ms (cache miss)
3133 silly packumentCache corgi:https://registry.npmjs.org/@typescript-eslint%2fparser set size:undefined disposed:false
3134 http fetch GET 200 https://registry.npmjs.org/@typescript-eslint%2feslint-plugin 1125ms (cache miss)
3135 silly packumentCache corgi:https://registry.npmjs.org/@typescript-eslint%2feslint-plugin set size:undefined disposed:false
3136 silly packumentCache corgi:https://registry.npmjs.org/flat-cache cache-miss
3137 http fetch GET 200 https://registry.npmjs.org/flat-cache 25ms (cache miss)
3138 silly packumentCache corgi:https://registry.npmjs.org/flat-cache set size:undefined disposed:false
3139 silly packumentCache corgi:https://registry.npmjs.org/file-entry-cache cache-miss
3140 http fetch GET 200 https://registry.npmjs.org/file-entry-cache 25ms (cache miss)
3141 silly packumentCache corgi:https://registry.npmjs.org/file-entry-cache set size:undefined disposed:false
3142 http fetch GET 200 https://registry.npmjs.org/@next/swc-darwin-arm64/-/swc-darwin-arm64-14.2.33.tgz 18036ms (cache miss)
3143 http fetch GET 200 https://registry.npmjs.org/es-abstract/-/es-abstract-1.24.2.tgz 18021ms (cache miss)
3144 http fetch GET 200 https://registry.npmjs.org/next/-/next-14.2.35.tgz 20876ms (cache miss)
3145 info run unrs-resolver@1.12.2 postinstall node_modules/unrs-resolver node postinstall.js
3146 info run unrs-resolver@1.12.2 postinstall { code: 0, signal: null }
3147 silly ADD node_modules/wrappy
3148 silly ADD node_modules/path-is-absolute
3149 silly ADD node_modules/once
3150 silly ADD node_modules/inherits
3151 silly ADD node_modules/inflight
3152 silly ADD node_modules/fs.realpath
3153 silly ADD node_modules/is-weakset
3154 silly ADD node_modules/is-weakmap
3155 silly ADD node_modules/is-map
3156 silly ADD node_modules/generator-function
3157 silly ADD node_modules/async-function
3158 silly ADD node_modules/which-collection
3159 silly ADD node_modules/is-generator-function
3160 silly ADD node_modules/is-finalizationregistry
3161 silly ADD node_modules/is-async-function
3162 silly ADD node_modules/is-number-object
3163 silly ADD node_modules/is-boolean-object
3164 silly ADD node_modules/is-bigint
3165 silly ADD node_modules/isexe
3166 silly ADD node_modules/punycode
3167 silly ADD node_modules/napi-postinstall
3168 silly ADD node_modules/@unrs/resolver-binding-darwin-arm64
3169 silly ADD node_modules/which-boxed-primitive
3170 silly ADD node_modules/has-bigints
3171 silly ADD node_modules/which-builtin-type
3172 silly ADD node_modules/reflect.getprototypeof
3173 silly ADD node_modules/for-each
3174 silly ADD node_modules/strip-bom
3175 silly ADD node_modules/minimist
3176 silly ADD node_modules/json5
3177 silly ADD node_modules/@types/json5
3178 silly ADD node_modules/picomatch
3179 silly ADD node_modules/fdir
3180 silly ADD node_modules/has-flag
3181 silly ADD node_modules/client-only
3182 silly ADD node_modules/ansi-regex
3183 silly ADD node_modules/is-fullwidth-code-point
3184 silly ADD node_modules/eastasianwidth
3185 silly ADD node_modules/side-channel-weakmap
3186 silly ADD node_modules/side-channel-map
3187 silly ADD node_modules/side-channel-list
3188 silly ADD node_modules/shebang-regex
3189 silly ADD node_modules/isarray
3190 silly ADD node_modules/queue-microtask
3191 silly ADD node_modules/supports-preserve-symlinks-flag
3192 silly ADD node_modules/path-parse
3193 silly ADD node_modules/node-exports-info
3194 silly ADD node_modules/node-exports-info/node_modules/semver
3195 silly ADD node_modules/scheduler
3196 silly ADD node_modules/js-tokens
3197 silly ADD node_modules/react-is
3198 silly ADD node_modules/object-assign
3199 silly ADD node_modules/loose-envify
3200 silly ADD node_modules/source-map-js
3201 silly ADD node_modules/picocolors
3202 silly ADD node_modules/nanoid
3203 silly ADD node_modules/lru-cache
3204 silly ADD node_modules/callsites
3205 silly ADD node_modules/yocto-queue
3206 silly ADD node_modules/p-limit
3207 silly ADD node_modules/word-wrap
3208 silly ADD node_modules/fast-levenshtein
3209 silly ADD node_modules/deep-is
3210 silly ADD node_modules/streamsearch
3211 silly ADD node_modules/@swc/counter
3212 silly ADD node_modules/styled-jsx
3213 silly ADD node_modules/postcss
3214 silly ADD node_modules/graceful-fs
3215 silly ADD node_modules/caniuse-lite
3216 silly ADD node_modules/busboy
3217 silly ADD node_modules/@swc/helpers
3218 silly ADD node_modules/@next/swc-darwin-arm64
3219 silly ADD node_modules/@next/env
3220 silly ADD node_modules/concat-map
3221 silly ADD node_modules/balanced-match
3222 silly ADD node_modules/brace-expansion
3223 silly ADD node_modules/p-locate
3224 silly ADD node_modules/type-check
3225 silly ADD node_modules/prelude-ls
3226 silly ADD node_modules/language-subtag-registry
3227 silly ADD node_modules/json-buffer
3228 silly ADD node_modules/argparse
3229 silly ADD node_modules/wrap-ansi-cjs
3230 silly ADD node_modules/wrap-ansi-cjs/node_modules/emoji-regex
3231 silly ADD node_modules/wrap-ansi-cjs/node_modules/string-width
3232 silly ADD node_modules/wrap-ansi
3233 silly ADD node_modules/wrap-ansi/node_modules/ansi-regex
3234 silly ADD node_modules/wrap-ansi/node_modules/strip-ansi
3235 silly ADD node_modules/wrap-ansi/node_modules/ansi-styles
3236 silly ADD node_modules/strip-ansi-cjs
3237 silly ADD node_modules/string-width-cjs
3238 silly ADD node_modules/string-width-cjs/node_modules/emoji-regex
3239 silly ADD node_modules/string-width
3240 silly ADD node_modules/string-width/node_modules/ansi-regex
3241 silly ADD node_modules/string-width/node_modules/strip-ansi
3242 silly ADD node_modules/@pkgjs/parseargs
3243 silly ADD node_modules/@isaacs/cliui
3244 silly ADD node_modules/@isaacs/cliui/node_modules/ansi-regex
3245 silly ADD node_modules/@isaacs/cliui/node_modules/strip-ansi
3246 silly ADD node_modules/set-function-name
3247 silly ADD node_modules/is-extglob
3248 silly ADD node_modules/side-channel
3249 silly ADD node_modules/resolve-from
3250 silly ADD node_modules/parent-module
3251 silly ADD node_modules/type-fest
3252 silly ADD node_modules/signal-exit
3253 silly ADD node_modules/path-scurry
3254 silly ADD node_modules/minipass
3255 silly ADD node_modules/jackspeak
3256 silly ADD node_modules/foreground-child
3257 silly ADD node_modules/resolve-pkg-maps
3258 silly ADD node_modules/dunder-proto
3259 silly ADD node_modules/is-document.all
3260 silly ADD node_modules/functions-have-names
3261 silly ADD node_modules/rimraf
3262 silly ADD node_modules/rimraf/node_modules/glob
3263 silly ADD node_modules/keyv
3264 silly ADD node_modules/flatted
3265 silly ADD node_modules/path-exists
3266 silly ADD node_modules/locate-path
3267 silly ADD node_modules/flat-cache
3268 silly ADD node_modules/reusify
3269 silly ADD node_modules/acorn-jsx
3270 silly ADD node_modules/acorn
3271 silly ADD node_modules/esrecurse
3272 silly ADD node_modules/iterator.prototype
3273 silly ADD node_modules/string.prototype.repeat
3274 silly ADD node_modules/string.prototype.matchall
3275 silly ADD node_modules/prop-types
3276 silly ADD node_modules/object.entries
3277 silly ADD node_modules/estraverse
3278 silly ADD node_modules/es-iterator-helpers
3279 silly ADD node_modules/array.prototype.tosorted
3280 silly ADD node_modules/array.prototype.findlast
3281 silly ADD node_modules/string.prototype.includes
3282 silly ADD node_modules/language-tags
3283 silly ADD node_modules/jsx-ast-utils
3284 silly ADD node_modules/emoji-regex
3285 silly ADD node_modules/damerau-levenshtein
3286 silly ADD node_modules/axobject-query
3287 silly ADD node_modules/axe-core
3288 silly ADD node_modules/ast-types-flow
3289 silly ADD node_modules/aria-query
3290 silly ADD node_modules/is-symbol
3291 silly ADD node_modules/is-date-object
3292 silly ADD node_modules/es-abstract-get
3293 silly ADD node_modules/has-tostringtag
3294 silly ADD node_modules/possible-typed-array-names
3295 silly ADD node_modules/which-typed-array
3296 silly ADD node_modules/unbox-primitive
3297 silly ADD node_modules/typed-array-length
3298 silly ADD node_modules/typed-array-byte-offset
3299 silly ADD node_modules/typed-array-byte-length
3300 silly ADD node_modules/typed-array-buffer
3301 silly ADD node_modules/string.prototype.trimstart
3302 silly ADD node_modules/string.prototype.trim
3303 silly ADD node_modules/stop-iteration-iterator
3304 silly ADD node_modules/set-proto
3305 silly ADD node_modules/safe-regex-test
3306 silly ADD node_modules/safe-push-apply
3307 silly ADD node_modules/safe-array-concat
3308 silly ADD node_modules/regexp.prototype.flags
3309 silly ADD node_modules/own-keys
3310 silly ADD node_modules/object.assign
3311 silly ADD node_modules/object-inspect
3312 silly ADD node_modules/is-weakref
3313 silly ADD node_modules/is-typed-array
3314 silly ADD node_modules/is-shared-array-buffer
3315 silly ADD node_modules/is-set
3316 silly ADD node_modules/is-regex
3317 silly ADD node_modules/is-negative-zero
3318 silly ADD node_modules/is-data-view
3319 silly ADD node_modules/is-callable
3320 silly ADD node_modules/is-array-buffer
3321 silly ADD node_modules/internal-slot
3322 silly ADD node_modules/has-symbols
3323 silly ADD node_modules/has-proto
3324 silly ADD node_modules/globalthis
3325 silly ADD node_modules/get-symbol-description
3326 silly ADD node_modules/get-proto
3327 silly ADD node_modules/function.prototype.name
3328 silly ADD node_modules/es-to-primitive
3329 silly ADD node_modules/es-set-tostringtag
3330 silly ADD node_modules/data-view-byte-offset
3331 silly ADD node_modules/data-view-byte-length
3332 silly ADD node_modules/data-view-buffer
3333 silly ADD node_modules/available-typed-arrays
3334 silly ADD node_modules/arraybuffer.prototype.slice
3335 silly ADD node_modules/array-buffer-byte-length
3336 silly ADD node_modules/gopd
3337 silly ADD node_modules/object-keys
3338 silly ADD node_modules/has-property-descriptors
3339 silly ADD node_modules/define-data-property
3340 silly ADD node_modules/function-bind
3341 silly ADD node_modules/set-function-length
3342 silly ADD node_modules/es-define-property
3343 silly ADD node_modules/call-bind-apply-helpers
3344 silly ADD node_modules/es-shim-unscopables
3345 silly ADD node_modules/es-errors
3346 silly ADD node_modules/math-intrinsics
3347 silly ADD node_modules/is-string
3348 silly ADD node_modules/get-intrinsic
3349 silly ADD node_modules/es-object-atoms
3350 silly ADD node_modules/es-abstract
3351 silly ADD node_modules/define-properties
3352 silly ADD node_modules/call-bound
3353 silly ADD node_modules/call-bind
3354 silly ADD node_modules/tsconfig-paths
3355 silly ADD node_modules/string.prototype.trimend
3356 silly ADD node_modules/object.values
3357 silly ADD node_modules/object.groupby
3358 silly ADD node_modules/object.fromentries
3359 silly ADD node_modules/hasown
3360 silly ADD node_modules/eslint-module-utils
3361 silly ADD node_modules/eslint-module-utils/node_modules/debug
3362 silly ADD node_modules/array.prototype.flatmap
3363 silly ADD node_modules/array.prototype.flat
3364 silly ADD node_modules/array.prototype.findlastindex
3365 silly ADD node_modules/array-includes
3366 silly ADD node_modules/@rtsao/scc
3367 silly ADD node_modules/unrs-resolver
3368 silly ADD node_modules/stable-hash
3369 silly ADD node_modules/is-bun-module
3370 silly ADD node_modules/get-tsconfig
3371 silly ADD node_modules/@nolyfill/is-core-module
3372 silly ADD node_modules/resolve
3373 silly ADD node_modules/is-core-module
3374 silly ADD node_modules/tinyglobby
3375 silly ADD node_modules/semver
3376 silly ADD node_modules/@typescript-eslint/tsconfig-utils
3377 silly ADD node_modules/@typescript-eslint/project-service
3378 silly ADD node_modules/@typescript-eslint/typescript-estree
3379 silly ADD node_modules/@typescript-eslint/typescript-estree/node_modules/balanced-match
3380 silly ADD node_modules/@typescript-eslint/typescript-estree/node_modules/brace-expansion
3381 silly ADD node_modules/@typescript-eslint/typescript-estree/node_modules/minimatch
3382 silly ADD node_modules/@typescript-eslint/types
3383 silly ADD node_modules/ts-api-utils
3384 silly ADD node_modules/@typescript-eslint/visitor-keys
3385 silly ADD node_modules/@typescript-eslint/visitor-keys/node_modules/eslint-visitor-keys
3386 silly ADD node_modules/@typescript-eslint/utils
3387 silly ADD node_modules/@typescript-eslint/type-utils
3388 silly ADD node_modules/@typescript-eslint/scope-manager
3389 silly ADD node_modules/glob
3390 silly ADD node_modules/glob/node_modules/brace-expansion
3391 silly ADD node_modules/glob/node_modules/minimatch
3392 silly ADD node_modules/eslint-plugin-react-hooks
3393 silly ADD node_modules/eslint-plugin-react
3394 silly ADD node_modules/eslint-plugin-react/node_modules/semver
3395 silly ADD node_modules/eslint-plugin-react/node_modules/doctrine
3396 silly ADD node_modules/eslint-plugin-jsx-a11y
3397 silly ADD node_modules/eslint-plugin-import
3398 silly ADD node_modules/eslint-plugin-import/node_modules/semver
3399 silly ADD node_modules/eslint-plugin-import/node_modules/doctrine
3400 silly ADD node_modules/eslint-plugin-import/node_modules/debug
3401 silly ADD node_modules/eslint-import-resolver-typescript
3402 silly ADD node_modules/eslint-import-resolver-node
3403 silly ADD node_modules/eslint-import-resolver-node/node_modules/debug
3404 silly ADD node_modules/@typescript-eslint/parser
3405 silly ADD node_modules/@typescript-eslint/eslint-plugin
3406 silly ADD node_modules/@typescript-eslint/eslint-plugin/node_modules/ignore
3407 silly ADD node_modules/@rushstack/eslint-patch
3408 silly ADD node_modules/@next/eslint-plugin-next
3409 silly ADD node_modules/ms
3410 silly ADD node_modules/which
3411 silly ADD node_modules/shebang-command
3412 silly ADD node_modules/path-key
3413 silly ADD node_modules/color-name
3414 silly ADD node_modules/color-convert
3415 silly ADD node_modules/supports-color
3416 silly ADD node_modules/ansi-styles
3417 silly ADD node_modules/uri-js
3418 silly ADD node_modules/json-schema-traverse
3419 silly ADD node_modules/fast-json-stable-stringify
3420 silly ADD node_modules/run-parallel
3421 silly ADD node_modules/@nodelib/fs.stat
3422 silly ADD node_modules/fastq
3423 silly ADD node_modules/@nodelib/fs.scandir
3424 silly ADD node_modules/@humanwhocodes/object-schema
3425 silly ADD node_modules/strip-json-comments
3426 silly ADD node_modules/import-fresh
3427 silly ADD node_modules/text-table
3428 silly ADD node_modules/strip-ansi
3429 silly ADD node_modules/optionator
3430 silly ADD node_modules/natural-compare
3431 silly ADD node_modules/minimatch
3432 silly ADD node_modules/lodash.merge
3433 silly ADD node_modules/levn
3434 silly ADD node_modules/json-stable-stringify-without-jsonify
3435 silly ADD node_modules/js-yaml
3436 silly ADD node_modules/is-path-inside
3437 silly ADD node_modules/is-glob
3438 silly ADD node_modules/imurmurhash
3439 silly ADD node_modules/ignore
3440 silly ADD node_modules/graphemer
3441 silly ADD node_modules/globals
3442 silly ADD node_modules/glob-parent
3443 silly ADD node_modules/find-up
3444 silly ADD node_modules/file-entry-cache
3445 silly ADD node_modules/fast-deep-equal
3446 silly ADD node_modules/esutils
3447 silly ADD node_modules/esquery
3448 silly ADD node_modules/espree
3449 silly ADD node_modules/eslint-visitor-keys
3450 silly ADD node_modules/eslint-scope
3451 silly ADD node_modules/escape-string-regexp
3452 silly ADD node_modules/doctrine
3453 silly ADD node_modules/debug
3454 silly ADD node_modules/cross-spawn
3455 silly ADD node_modules/chalk
3456 silly ADD node_modules/ajv
3457 silly ADD node_modules/@ungap/structured-clone
3458 silly ADD node_modules/@nodelib/fs.walk
3459 silly ADD node_modules/@humanwhocodes/module-importer
3460 silly ADD node_modules/@humanwhocodes/config-array
3461 silly ADD node_modules/@eslint/js
3462 silly ADD node_modules/@eslint/eslintrc
3463 silly ADD node_modules/@eslint-community/regexpp
3464 silly ADD node_modules/@eslint-community/eslint-utils
3465 silly ADD node_modules/csstype
3466 silly ADD node_modules/@types/prop-types
3467 silly ADD node_modules/undici-types
3468 silly ADD node_modules/iceberg-js
3469 silly ADD node_modules/@supabase/phoenix
3470 silly ADD node_modules/tslib
3471 silly ADD node_modules/@supabase/storage-js
3472 silly ADD node_modules/@supabase/realtime-js
3473 silly ADD node_modules/@supabase/postgrest-js
3474 silly ADD node_modules/@supabase/functions-js
3475 silly ADD node_modules/@supabase/auth-js
3476 silly ADD node_modules/typescript
3477 silly ADD node_modules/react-dom
3478 silly ADD node_modules/react
3479 silly ADD node_modules/next
3480 silly ADD node_modules/eslint-config-next
3481 silly ADD node_modules/eslint
3482 silly ADD node_modules/@types/react-dom
3483 silly ADD node_modules/@types/react
3484 silly ADD node_modules/@types/node
3485 silly ADD node_modules/@supabase/supabase-js
3486 warn allow-scripts 1 package has install scripts not yet covered by allowScripts:
3486 warn allow-scripts   unrs-resolver@1.12.2 (postinstall: node postinstall.js)
3486 warn allow-scripts
3486 warn allow-scripts Run `npm approve-scripts --allow-scripts-pending` to review, or `npm approve-scripts <pkg>` to allow.
3487 verbose cwd /Users/eeda/Desktop/myguestbook
3488 verbose os Darwin 25.3.0
3489 verbose node v24.18.0
3490 verbose npm  v11.16.0
3491 verbose exit 0
3492 info ok
